First Name,Last Name,Price,Nationality,Club,Position,Foot,Rating,Height (cm),Speed,Acceleration,Stamina,Control,Strength,Tackling,Passing,Shooting,Handling (GK),Reactions (GK),Rating Change,Total Stats,Player ID,Game Version
Erling,Haaland,2675,Norway,Man City,CF,L,86,195,90,83,79,81,90,50,75,94,,,2,642,17196,v10.20
Kylian,Mbappe,2675,France,Paris SG,CF,R,86,178,94,94,82,88,75,33,83,92,,,1,641,14756,v10.20
Lionel,Messi,2675,Argentina,Paris SG,SS,L,86,170,80,87,77,95,69,55,91,91,,,0,645,182,v10.20
Kevin,De Bruyne,2475,Belgium,Man City,AM,R,86,181,81,79,86,87,76,59,94,85,,,2,647,7957,v10.20
Robert,Lewandowski,2510,Poland,Barcelona,CF,R,85,185,77,75,84,85,88,52,80,94,,,-1,635,2862,v10.20
Karim,Benzema,2510,France,Real Madrid,CF,R,85,185,82,81,81,87,84,45,82,93,,,3,635,2602,v10.20
,Neymar Jr,2510,Brazil,Paris SG,LW,B,85,175,86,91,74,93,60,47,88,88,,,1,627,1892,v10.20
,Alisson,1855,Brazil,Liverpool,GK,R,85,193,62,61,,67,65,53,68,,80,85,0,541,14939,v10.20
Thibaut,Courtois,1855,Belgium,Real Madrid,GK,L,85,200,61,58,,64,69,50,64,,84,81,2,531,7458,v10.20
Harry,Kane,2355,England,Tottenham,CF,R,84,188,77,71,86,82,85,53,85,93,,,1,632,10159,v10.20
Vinicius,Junior,2355,Brazil,Real Madrid,LW,R,84,176,92,92,82,89,68,31,81,84,,,3,619,16320,v10.20
Mohamed,Salah,2355,Egypt,Liverpool,RW,L,84,175,86,90,81,86,70,49,83,88,,,-1,633,12027,v10.20
Luka,Modric,2180,Croatia,Real Madrid,CM,B,84,172,71,77,84,91,68,70,93,78,,,1,632,1498,v10.20
Virgil,van Dijk,1920,Netherlands,Liverpool,CB,R,84,193,80,69,84,77,93,91,80,66,,,0,640,7307,v10.20
Marc-Andre,Ter Stegen,1740,Germany,Barcelona,GK,R,84,187,65,63,,69,63,52,69,,76,84,2,541,7449,v10.20
Cristiano,Ronaldo,2200,Portugal,,CF,B,83,187,83,79,74,82,82,42,79,91,,,-3,612,382,v10.20
Heung-Min,Son,2200,South Korea,Tottenham,LW,B,83,184,88,88,83,85,67,49,81,84,,,2,625,10074,v10.20
Bruno,Fernandes,2035,Portugal,Man United,AM,R,83,179,73,75,90,84,68,73,88,83,,,1,634,12434,v10.20
Bernardo,Silva,2035,Portugal,Man City,AM,L,83,173,79,82,91,89,63,68,85,77,,,1,634,12427,v10.20
Toni,Kroos,2035,Germany,Real Madrid,CM,B,83,183,67,68,83,87,75,75,93,80,,,1,628,4739,v10.20
,Rodri,2035,Spain,Man City,DM,R,83,191,71,69,85,81,85,83,88,75,,,2,637,16327,v10.20
,Casemiro,2035,Brazil,Man United,DM,R,83,185,69,66,86,79,88,89,82,71,,,1,630,10297,v10.20
Joao,Cancelo,1800,Portugal,,LB,R,83,182,82,84,83,82,72,78,84,72,,,3,637,13717,v10.20
Achraf,Hakimi,1800,Morocco,Paris SG,RB,R,83,181,90,90,85,78,69,73,80,71,,,1,636,15932,v10.20
,Ederson,1630,Brazil,Man City,GK,L,83,188,67,68,,70,59,53,71,,82,77,0,547,15227,v10.20
Lautaro,Martinez,2055,Argentina,Inter Milan,CF,R,82,174,81,83,81,82,80,45,73,87,,,2,612,16329,v10.20
Ciro,Immobile,2055,Italy,Lazio,CF,R,82,185,85,81,78,79,72,54,76,90,,,1,615,9548,v10.20
Victor,Osimhen,2055,Nigeria,Napoli,CF,R,82,186,88,83,77,78,85,36,72,89,,,3,608,17319,v10.20
Rafael,Leao,2055,Portugal,AC Milan,LW,R,82,188,90,88,73,89,77,31,76,81,,,3,605,16348,v10.20
Bukayo,Saka,2055,England,Arsenal,RW,L,82,178,83,86,81,83,60,63,82,80,,,4,618,17588,v10.20
Christopher,Nkunku,2055,France,,SS,R,82,178,84,86,75,83,69,46,83,86,,,-1,612,15933,v10.20
Antoine,Griezmann,2055,France,Atletico Madrid,SS,L,82,176,76,83,80,85,70,60,83,82,,,-1,619,5264,v10.20
,Pedri,1900,Spain,Barcelona,CM,R,82,174,80,83,82,87,62,64,87,74,,,0,619,17763,v10.20
Frenkie,De Jong,1900,Netherlands,Barcelona,CM,R,82,181,80,80,85,84,67,71,90,73,,,3,630,15307,v10.20
Marco,Verratti,1900,Italy,Paris SG,CM,R,82,165,68,74,82,90,62,81,91,69,,,1,617,9127,v10.20
,Thiago,1900,Spain,Liverpool,CM,R,82,174,70,77,71,85,73,73,90,71,,,1,610,7394,v10.20
Federico,Valverde,1900,Uruguay,Real Madrid,CM,R,82,182,84,82,82,80,70,75,81,77,,,2,631,16636,v10.20
Sergej,Milinkovic-Savic,1900,Serbia,Lazio,CM,R,82,191,69,65,89,81,87,75,83,80,,,1,629,13747,v10.20
Jude,Bellingham,1900,England,,CM,R,82,186,74,77,85,86,73,78,81,76,,,11,630,17799,v10.20
Ruben,Dias,1680,Portugal,Man City,CB,R,82,187,72,69,77,78,90,92,80,58,,,1,616,16288,v10.20
Milan,Skriniar,1680,Slovakia,Inter Milan,CB,R,82,187,79,74,85,75,85,85,79,59,,,2,621,14327,v10.20
Kalidou,Koulibaly,1680,Senegal,Chelsea,CB,R,82,186,81,73,75,74,93,87,77,57,,,0,617,12375,v10.20
,Marquinhos,1680,Brazil,Paris SG,CB,R,82,183,81,75,84,74,81,88,79,59,,,2,621,11519,v10.20
David,Alaba,1680,Austria,Real Madrid,CB,L,82,180,79,76,76,79,75,85,81,70,,,1,621,6717,v10.20
Theo,Hernandez,1680,France,AC Milan,LB,L,82,184,87,84,82,79,75,77,74,69,,,2,627,15462,v10.20
Andrew,Robertson,1680,Scotland,Liverpool,LB,L,82,178,82,83,88,79,73,77,84,60,,,1,626,12383,v10.20
Trent,Alexander-Arnold,1680,England,Liverpool,RB,R,82,180,79,79,81,80,67,70,88,77,,,0,621,15400,v10.20
Reece,James,1680,England,Chelsea,RB,R,82,179,81,80,81,79,77,78,77,71,,,2,624,14640,v10.20
Jan,Oblak,1520,Slovenia,Atletico Madrid,GK,R,82,188,67,66,,55,61,48,55,,80,79,-2,511,12336,v10.20
Gianluigi,Donnarumma,1520,Italy,Paris SG,GK,R,82,196,63,61,,62,66,41,64,,80,79,0,516,14078,v10.20
Gabriel,Jesus,1915,Brazil,Arsenal,CF,R,81,175,80,85,77,84,70,44,77,82,,,1,599,14938,v10.20
Phil,Foden,1915,England,Man City,LW,L,81,171,80,84,79,87,64,55,82,81,,,0,612,16257,v10.20
Riyad,Mahrez,1915,Algeria,Man City,RW,L,81,179,78,82,71,88,66,48,81,81,,,0,595,11958,v10.20
Paulo,Dybala,1915,Argentina,Roma,SS,L,81,177,79,85,73,88,59,51,85,84,,,-1,604,9553,v10.20
Lorenzo,Pellegrini,1770,Italy,Roma,AM,B,81,186,76,76,85,81,69,71,83,77,,,1,618,15047,v10.20
Martin,Odegaard,1770,Norway,Arsenal,AM,L,81,178,74,80,81,85,64,57,86,79,,,2,606,13728,v10.20
Nicolo,Barella,1770,Italy,Inter Milan,CM,R,81,175,75,77,88,85,69,72,85,71,,,1,622,14738,v10.20
N'Golo,Kante,1770,France,Chelsea,DM,R,81,171,76,79,90,80,71,88,79,67,,,-2,630,12778,v10.20
Sergio,Busquets,1770,Spain,Barcelona,DM,R,81,189,63,61,82,83,82,87,86,68,,,0,612,187,v10.20
Antonio,Rudiger,1570,Germany,Real Madrid,CB,R,81,190,83,71,78,73,89,87,79,60,,,3,620,12480,v10.20
Eder,Militao,1570,Brazil,Real Madrid,CB,R,81,186,84,79,80,73,85,89,77,54,,,1,621,16518,v10.20
Jules,Kounde,1570,France,Barcelona,CB,R,81,180,76,75,82,77,82,85,77,54,,,1,608,16568,v10.20
Thiago,Silva,1570,Brazil,Chelsea,CB,R,81,181,69,63,79,74,89,92,80,66,,,1,612,2517,v10.20
David,De Gea,1420,Spain,Man United,GK,R,81,192,65,66,,56,60,63,58,,73,82,-1,523,153,v10.20
Mike,Maignan,1420,France,AC Milan,GK,R,81,191,58,56,,62,64,42,62,,78,78,2,500,15467,v10.20
Dusan,Vlahovic,1780,Serbia,Juventus,CF,L,80,190,79,76,78,80,85,35,70,86,,,-1,589,17816,v10.20
Gerard,Moreno,1780,Spain,Villareal,CF,L,80,180,77,78,69,83,74,45,77,85,,,0,588,13806,v10.20
Roberto,Firmino,1780,Brazil,Liverpool,CF,R,80,181,79,81,78,85,72,47,80,80,,,0,602,7413,v10.20
Wissam,Ben Yedder,1780,France,Monaco,CF,B,80,170,79,84,79,83,65,44,75,88,,,1,597,6018,v10.20
Raheem,Sterling,1780,England,Chelsea,LW,R,80,170,85,91,80,83,60,47,78,76,,,-2,600,9574,v10.20
Luis,Diaz,1780,Colombia,Liverpool,LW,R,80,180,88,90,75,84,67,38,77,79,,,0,598,17207,v10.20
Jack,Grealish,1780,England,Man City,LW,R,80,180,76,85,73,88,71,45,81,75,,,-1,594,12429,v10.20
Marcus,Rashford,1780,England,Man United,LW,R,80,185,89,83,74,83,72,37,71,83,,,3,592,14344,v10.20
Diogo,Jota,1780,Portugal,Liverpool,LW,R,80,178,81,84,75,82,71,51,77,80,,,0,601,15256,v10.20
Domenico ,Berardi,1780,Italy,Sassuolo,RW,L,80,183,79,77,77,83,70,53,81,84,,,3,604,11148,v10.20
Ousmane,Dembele,1780,France,Barcelona,RW,B,80,178,91,91,65,87,55,39,82,75,,,1,585,15403,v10.20
Kingsley,Coman,1780,France,,RW,R,80,181,89,92,65,86,64,35,80,75,,,1,586,13032,v10.20
Angel,Di Maria,1780,Argentina,Juventus,RW,L,80,180,76,82,69,87,62,49,85,78,,,1,588,2184,v10.20
Marcos,Llorente,1645,Spain,Atletico Madrid,CM,R,80,184,83,79,87,77,71,73,78,69,,,-1,617,16321,v10.20
Hakan,Calhanoglu,1645,Turkey,Inter Milan,CM,R,80,178,69,75,81,82,63,67,87,80,,,0,604,11532,v10.20
Ilkay,Gundogan,1645,Germany,Man City,CM,R,80,180,70,70,79,80,72,70,84,77,,,-1,602,4990,v10.20
Declan,Rice,1645,England,West Ham,DM,R,80,185,71,69,90,76,79,83,81,67,,,1,617,16332,v10.20
,Jorginho,1645,Italy,Arsenal,DM,R,80,180,66,68,80,83,72,76,86,71,,,-2,602,11259,v10.20
Marcelo,Brozovic,1645,Croatia,Inter Milan,DM,B,80,181,72,72,91,82,72,79,82,70,,,0,620,12224,v10.20
,Fabinho,1645,Brazil,Liverpool,DM,R,80,188,69,65,84,78,82,82,80,70,,,-2,610,11650,v10.20
Thomas,Partey,1645,Ghana,Arsenal,DM,R,80,185,72,70,81,79,83,81,81,68,,,1,615,12682,v10.20
Bruno,Guimaraes,1645,Brazil,Newcastle,DM,R,80,182,71,70,82,81,72,76,81,71,,,1,604,17566,v10.20
Juan,Cuadrado,1645,Colombia,Juventus,RM,R,80,176,85,86,78,83,57,74,79,68,,,2,610,4724,v10.20
Aymeric,Laporte,1460,Spain,Man City,CB,L,80,189,70,68,74,78,86,86,81,59,,,-1,602,11063,v10.20
Raphael,Varane,1460,France,Man United,CB,R,80,191,79,78,71,74,83,83,76,52,,,-1,596,6567,v10.20
Stefan,De Vrij,1460,Netherlands,Inter Milan,CB,R,80,189,72,70,79,74,85,86,77,61,,,0,604,1424,v10.20
Fikayo,Tomori,1460,England,AC Milan,CB,R,80,185,84,79,78,71,79,84,75,55,,,1,605,15615,v10.20
Ronald,Araujo,1460,Uruguay,Barcelona,CB,R,80,188,78,71,75,73,88,87,76,55,,,1,603,17859,v10.20
Lisandro,Martinez,1460,Argentina,Man United,CB,L,80,175,74,75,81,77,80,86,78,52,,,1,603,17193,v10.20
Jordi,Alba,1460,Spain,Barcelona,LB,L,80,170,79,82,77,79,62,76,83,64,,,-1,602,5338,v10.20
Ferland,Mendy,1460,France,Real Madrid,LB,L,80,180,85,84,76,77,75,78,80,49,,,0,604,15554,v10.20
Jose,Gaya,1460,Spain,Valencia,LB,L,80,172,80,82,81,76,69,80,81,55,,,1,604,12403,v10.20
Alejandro,Grimaldo,1460,Spain,Benfica,LB,L,80,171,80,83,83,77,63,76,81,61,,,1,604,15229,v10.20
Kyle,Walker,1460,England,Man City,RB,R,80,183,89,86,77,73,76,81,74,48,,,2,604,7821,v10.20
Kieran,Trippier,1460,England,Newcastle,RB,R,80,173,71,73,81,77,70,79,85,74,,,2,610,5337,v10.20
Giovanni,Di Lorenzo,1460,Italy,Napoli,RB,R,80,183,80,81,86,75,73,79,78,58,,,1,610,16394,v10.20
Edouard,Mendy,1320,Senegal,Chelsea,GK,R,80,194,64,63,,59,70,44,61,,78,77,-1,516,16489,v10.20
Keylor,Navas,1320,Costa Rica,Nottingham Forest,GK,R,80,185,65,70,,65,54,59,63,,73,79,1,528,3179,v10.20
Yann,Sommer,1320,Switzerland,,GK,R,80,183,62,60,,63,63,52,62,,75,79,-1,516,12197,v10.20
Nick,Pope,1320,England,Newcastle,GK,R,80,198,60,60,,51,65,53,52,,76,78,3,495,11675,v10.20
Sebastien,Haller,1650,Ivory Coast,,CF,R,79,190,76,78,78,77,88,43,70,85,,,595,14201,v10.20
Randal,Kolo Muani,1650,France,,CF,R,79,187,83,81,74,82,72,40,74,79,,,585,,v10.20
Romelu,Lukaku,1650,Belgium,Inter Milan,CF,L,79,191,83,73,64,74,93,39,70,82,,,578,7333,v10.20
Wilfried,Zaha,1650,Ivory Coast,Crystal Palace,LW,R,79,180,84,83,74,83,69,34,70,77,,,574,10162,v10.20
Kvicha,Kvaratskhelia,1650,Georgia,Napoli,LW,B,79,183,80,82,72,84,64,42,79,79,,,582,19927,v10.20
Federico,Chiesa,1650,Italy,Juventus,LW,R,79,175,88,88,70,84,61,46,75,76,,,588,14898,v10.20
Moussa,Diaby,1650,France,,LW,L,79,170,90,91,80,84,53,31,79,78,,,586,19392,v10.20
Memphis,Depay,1650,Netherlands,Atletico Madrid,LW,R,79,178,77,80,72,83,74,39,76,79,,,580,10324,v10.20
Dejan,Kulusevski,1650,Sweden,Tottenham,RW,L,79,186,81,76,74,80,68,54,78,76,,,587,17518,v10.20
,Rodrygo,1650,Brazil,Real Madrid,RW,R,79,174,84,85,76,84,62,33,80,77,,,581,17057,v10.20
James,Maddison,1525,England,Leicester,AM,R,79,175,73,79,76,82,60,63,83,81,,,597,16338,v10.20
Piotr,Zielinski,1525,Poland,Napoli,AM,B,79,180,75,79,75,82,60,62,83,75,,,591,11095,v10.20
Kai,Havertz,1525,Germany,Chelsea,AM,L,79,193,81,77,72,82,77,39,77,78,,,583,17590,v10.20
Mason,Mount,1525,England,Chelsea,AM,R,79,181,73,75,78,80,69,62,81,76,,,594,15666,v10.20
Mikel,Merino,1525,Spain,Real Sociedad,CM,L,79,189,69,69,83,77,82,71,79,69,,,599,15641,v10.20
Frank,Kessie,1525,Ivory Coast,Barcelona,CM,R,79,183,76,71,83,73,82,77,76,69,,,607,14982,v10.20
Paul,Pogba,1525,France,Juventus,CM,B,79,191,71,69,68,81,82,60,87,76,,,594,9512,v10.20
Sandro,Tonali,1525,Italy,AC Milan,DM,R,79,181,75,75,80,76,73,75,80,68,,,602,17248,v10.20
Aurelien,Tchouameni,1525,France,Real Madrid,DM,R,79,187,70,68,78,74,80,80,84,64,,,598,17125,v10.20
Ismael,Bennacer,1525,Algeria,AC MIlan,DM,L,79,175,68,76,79,80,70,79,83,63,,,598,,v10.20
Filip,Kostic,1525,Serbia,Juventus,LM,L,79,184,81,83,80,78,61,63,81,67,,,594,10286,v10.20
Ivan,Perisic,1525,Croatia,Tottenham,LM,B,79,186,78,75,76,79,74,66,80,72,,,600,7408,v10.20
Yannick,Carrasco,1525,Belgium,Atletico Madrid,LM,R,79,181,84,84,76,84,60,51,76,73,,,588,11473,v10.20
,Otavio,1525,Portugal,Porto,RM,R,79,172,71,78,80,79,64,75,82,68,,,597,,v10.20
Denzel,Dumfries,1525,Netherlands,Inter Milan,RM,R,79,188,84,81,82,69,82,70,72,63,,,603,14794,v10.20
Jose Maria,Gimenez,1355,Uruguay,Atletico Madrid,CB,R,79,185,70,70,79,72,86,86,76,61,,,600,12127,v10.20
Lucas,Hernandez,1355,France,,CB,L,79,184,79,78,77,73,81,84,73,53,,,598,15935,v10.20
Cristian,Romero,1355,Argentina,Tottenham,CB,R,79,185,77,72,77,73,84,84,76,49,,,592,17263,v10.20
Sergio,Ramos,1355,Spain,Paris SG,CB,R,79,184,68,66,72,74,84,84,79,69,,,596,369,v10.20
Pau,Torres,1355,Spain,Villareal,CB,L,79,191,72,71,77,77,83,81,74,58,,,593,17225,v10.20
William,Saliba,1355,France,Arsenal,CB,R,79,192,80,72,80,72,81,88,79,49,,,601,17387,v10.20
Dayot,Upamecano,1355,France,,CB,R,79,186,82,73,78,72,83,82,77,50,,,597,,v10.20
Min-Jae,Kim,1355,South Korea,Napoli,CB,R,79,190,80,73,79,70,86,88,77,46,,,599,,v10.20
Alessandro,Bastoni,1355,Italy,Inter Milan,CB,L,79,190,78,72,78,74,85,86,77,50,,,600,,v10.20
,Bremer,1355,Brazil,Juventus,CB,R,79,188,76,71,78,70,85,83,76,55,,,594,,v10.20
Marcos,Acuna,1355,Argentina,Sevilla,LB,L,79,172,73,76,79,75,71,80,79,65,,,598,15844,v10.20
Raphael,Guerreiro,1355,Portugal,,LB,L,79,170,70,82,74,81,59,76,82,70,,,594,11618,v10.20
Koen,Casteels,1225,Belgium,,GK,R,79,196,57,56,,59,60,42,65,,73,77,489,10095,v10.20
Hugo,Lloris,1225,France,Tottenham,GK,L,79,188,64,65,,60,61,54,61,,73,77,515,2591,v10.20
Gregor,Kobel,1225,Switzerland,,GK,R,79,194,59,56,,57,60,47,62,,74,77,492,,v10.20
Luis,Suarez,1525,Uruguay,,CF,R,78,182,69,71,75,81,73,53,74,87,,,583,2360,v10.20
Darwin,Nunez,1525,Uruguay,Liverpool,CF,R,78,187,88,82,81,74,81,26,67,81,,,580,17755,v10.20
Duvan,Zapata,1525,Colombia,Atalanta,CF,R,78,189,76,74,68,79,86,38,71,80,,,572,12374,v10.20
,Richarlison,1525,Brazil,Tottenham,CF,R,78,184,77,79,76,79,76,47,69,75,,,578,15577,v10.20
Marcus,Thuram,1525,France,,CF,R,78,192,83,75,72,79,80,38,70,79,,,576,,v10.20
Iago,Aspas,1525,Spain,Celta Vigo,CF,L,78,176,76,78,80,82,62,46,81,85,,,590,,v10.20
Edin,Dzeko,1525,Bosnia & Herzegovina,Inter Milan,CF,R,78,193,69,65,77,81,86,49,73,84,,,584,,v10.20
Ivan,Toney,1525,England,Brentford,CF,R,78,185,79,76,80,73,84,39,68,82,,,581,,v10.20
Alexander,Isak,1525,Sweden,Newcastle,CF,R,78,192,80,79,71,82,72,39,71,80,,,574,,v10.20
Martin,Terrier,1525,France,Rennes,LW,R,78,184,80,80,76,72,74,49,75,83,,,589,,v10.20
Jadon,Sancho,1525,England,Man United,LW,R,78,180,77,84,70,86,58,46,80,75,,,576,,v10.20
Cody,Gakpo,1525,Netherlands,Liverpool,LW,R,78,193,83,83,75,79,68,39,77,78,,,582,,v10.20
Mikel,Oyarzabal,1525,Spain,Real Sociedad,LW,L,78,181,77,77,73,79,68,49,79,79,,,581,,v10.20
Allan,Saint-Maximin,1525,France,Newcastle,LW,R,78,173,86,88,70,90,67,20,72,70,,,563,,v10.20
Gabriel,Martinelli,1525,Brazil,Arsenal,LW,R,78,180,83,86,75,82,62,36,75,77,,,576,,v10.20
Dusan,Tadic,1525,Serbia,Ajax,LW,L,78,181,70,69,83,81,74,45,84,80,,,586,,v10.20
Christian,Pulisic,1525,USA,Chelsea,RW,R,78,178,82,87,71,79,64,44,75,74,,,576,17074,v10.20
,Raphinha,1525,Brazil,Barcelona,RW,L,78,176,80,84,75,82,64,50,73,78,,,586,15226,v10.20
Marco,Asensio,1525,Spain,Real Madrid,RW,L,78,182,79,81,71,82,62,45,79,80,,,579,13812,v10.20
,Antony,1525,Brazil,Man United,RW,L,78,174,81,87,74,84,55,48,74,74,,,577,17725,v10.20
Rafa,Silva,1525,Portugal,Benfica,SS,R,78,172,87,90,75,81,53,42,79,75,,,582,,v10.20
Joao,Felix,1525,Portugal,Chelsea,SS,R,78,181,80,83,70,82,65,48,75,75,,,578,16631,v10.20
Thomas,Lemar,1410,France,Atletico Madrid,AM,L,78,171,79,84,71,82,60,51,78,73,,,578,12779,v10.20
Sergio,Canales,1410,Spain,Real Betis,AM,L,78,180,79,81,76,79,62,53,79,74,,,583,363,v10.20
Nabil,Fekir,1410,France,Real Betis,AM,L,78,173,77,83,75,82,65,45,81,75,,,583,,v10.20
Iker,Muniain,1410,Spain,Athletic Bilbao,AM,R,78,170,79,82,76,83,59,49,82,75,,,585,,v10.20
,Joelinton,1410,Brazil,Newcastle,AM,R,78,186,73,61,81,76,82,75,76,69,,,593,,v10.20
,Koke,1410,Spain,Atletico Madrid,CM,R,78,176,70,71,82,76,70,73,81,69,,,592,7840,v10.20
Mateo,Kovacic,1410,Croatia,Chelsea,CM,R,78,177,72,79,71,84,63,69,80,65,,,583,10947,v10.20
Rodrigo,De Paul,1410,Argentina,Atletico Madrid,CM,R,78,180,75,77,80,77,63,71,79,71,,,593,,v10.20
Andre Zambo,Anguissa,1410,Cameroon,Napoli,CM,R,78,184,75,73,79,73,79,73,76,62,,,590,,v10.20
Fabian,Ruiz,1410,Spain,Paris SG,CM,L,78,189,66,67,82,81,67,71,84,73,,,591,,v10.20
Rodrigo,Bentancur,1410,Uruguay,Tottenham,CM,R,78,187,70,68,79,80,72,72,83,61,,,585,,v10.20
Adrien,Rabiot,1410,France,Juventus,CM,L,78,188,74,70,80,76,76,72,78,66,,,592,11114,v10.20
Daniel,Parejo,1410,Spain,Villareal,CM,R,78,182,65,67,86,84,65,66,88,73,,,594,,v10.20
Pierre-Emile,Hojbjerg,1410,Denmark,Tottenham,CM,R,78,187,66,64,85,73,77,82,82,70,,,599,13020,v10.20
Seko,Fofana,1410,Ivory Coast,Lens,CM,R,78,185,71,71,80,73,79,66,75,73,,,588,,v10.20
Manuel,Locatelli,1410,Italy,Juventus,DM,R,78,185,66,63,76,79,79,77,79,70,,,589,,v10.20
Danilo,Pereira,1410,Portugal,Paris SG,DM,R,78,188,66,65,80,71,83,80,80,69,,,594,8009,v10.20
Ruben,Neves,1410,Portugal,Wolves,DM,R,78,180,65,65,79,77,73,74,82,77,,,592,,v10.20
Jonathan,Clauss,1410,France,Marseille,RM,R,78,178,81,81,82,70,65,75,79,61,,,594,,v10.20
Alessio,Romagnoli,1255,Italy,Lazio,CB,L,78,185,67,71,74,73,84,81,73,64,,,587,,v10.20
Andreas,Christensen,1255,Denmark,Barcelona,CB,R,78,187,73,67,79,75,82,84,80,46,,,586,,v10.20
Manuel,Akanji,1255,Switzerland,Man City,CB,R,78,188,80,74,78,73,80,79,77,45,,,586,,v10.20
Sven,Botman,1255,Netherlands,Newcastle,CB,L,78,193,72,64,82,72,88,87,75,55,,,595,,v10.20
Joel,Matip,1255,Cameroon,Liverpool,CB,R,78,195,73,68,74,73,82,82,76,57,,,585,5002,v10.20
John,Stones,1255,England,Man City,CB,R,78,188,74,70,73,77,81,80,79,51,,,585,,v10.20
Nathan,Ake,1255,Netherlands,Man City,CB,L,78,180,76,74,70,72,80,81,77,57,,,587,12164,v10.20
Leonardo,Spinazzola,1255,Italy,Roma,LB,R,78,186,85,82,75,78,64,68,76,60,,,588,,v10.20
Alex,Sandro,1255,Brazil,Juventus,LB,L,78,181,76,78,75,75,76,77,76,54,,,587,,v10.20
Oleksandr,Zinchenko,1255,Ukraine,Arsenal,LB,L,78,175,70,72,78,77,74,73,79,64,,,587,,v10.20
Nuno,Mendes,1255,Portugal,Paris SG,LB,L,78,180,84,85,72,76,65,77,76,44,,,579,,v10.20
Luke,Shaw,1255,England,Man United,LB,L,78,182,76,73,75,76,76,81,80,51,,,588,12072,v10.20
Reinildo,Mandava,1255,Mozambique,Atletico Madrid,LB,L,78,180,86,82,78,69,72,82,72,44,,,585,,v10.20
Daniel,Carvajal,1255,Spain,Real Madrid,RB,R,78,173,77,80,74,75,75,79,75,52,,,587,10047,v10.20
Benjamin,Pavard,1255,France,,RB,R,78,186,69,67,78,74,81,83,76,61,,,589,,v10.20
Andre,Onana,1135,Cameroon,Inter Milan,GK,R,78,190,65,65,,60,60,41,62,,74,76,503,15306,v10.20
Geronimo,Rulli,1135,Argentina,Villareal,GK,R,78,189,64,65,,59,60,45,62,,71,77,503,,v10.20
Jordan,Pickford,1135,England,Everton,GK,L,78,185,67,66,,59,47,49,62,,72,77,499,,v10.20
Wojciech,Szczesny,1135,Poland,Juventus,GK,R,78,196,57,57,,57,60,44,62,,73,77,487,,v10.20
,Kepa,1135,Spain,Chelsea,GK,R,78,189,66,63,,61,54,49,63,,72,77,505,,v10.20
Emiliano,Martinez,1135,Argentina,Aston Villa,GK,R,78,195,58,55,,59,63,46,57,,77,74,489,,v10.20
Samir,Handanovic,1135,Slovenia,Inter Milan,GK,R,78,193,53,52,,61,63,41,69,,74,75,488,3361,v10.20
Luis,Muriel,1410,Colombia,Atalanta,CF,R,77,179,83,83,64,81,68,35,73,80,,,567,11093,v10.20
Inaki,Williams,1410,Ghana,Athletic Bilbao,CF,R,77,186,90,85,85,73,75,28,68,73,,,577,,v10.20
Patrik,Schick,1410,Czech Republic,,CF,L,77,187,77,76,70,78,81,36,71,82,,,571,,v10.20
Tammy,Abraham,1410,England,Roma,CF,R,77,194,82,76,75,75,83,29,72,81,,,573,,v10.20
Pierre-Emerick,Aubameyang,1410,Gabon,Chelsea,CF,R,77,186,83,78,68,78,71,39,70,82,,,569,4057,v10.20
Olivier,Giroud,1410,France,AC Milan,CF,L,77,193,66,62,78,81,88,43,74,85,,,577,5403,v10.20
Alvaro,Morata,1410,Spain,Atletico Madrid,CF,R,77,189,77,76,72,79,75,43,71,81,,,574,,v10.20
Jonathan,David,1410,Canada,Lille,CF,B,77,175,84,83,80,75,66,40,73,81,,,582,,v10.20
Alexandre,Lacazette,1410,France,Lyon,CF,R,77,175,73,76,78,79,71,41,75,82,,,575,,v10.20
Pedro,Goncalves,1410,Portugal,Sporting CP,LW,R,77,173,76,80,78,81,53,50,81,81,,,580,,v10.20
Angel,Correa,1410,Argentina,Atletico Madrid,RW,R,77,171,82,85,70,80,61,40,73,76,,,567,,v10.20
Hirving,Lozano,1410,Mexico,Napoli,RW,R,77,175,87,88,72,80,56,43,72,74,,,572,15540,v10.20
Gerard,Deulofeu,1410,Spain,Udinese,SS,R,77,177,84,86,76,82,54,35,81,76,,,574,,v10.20
Lucas,Paqueta,1300,Brazil,West Ham,AM,L,77,180,69,73,72,81,72,65,76,72,,,580,,v10.20
Henrikh,Mkhitaryan,1300,Armenia,Inter Milan,AM,B,77,177,78,77,81,79,64,54,77,74,,,584,,v10.20
Hakim,Ziyech,1300,Morocco,Chelsea,AM,L,77,180,75,76,72,83,61,53,83,77,,,580,,v10.20
Ruslan,Malinovskyi,1300,Ukraine,Atalanta,AM,L,77,181,72,72,75,76,69,60,76,78,,,578,,v10.20
Luis,Alberto,1300,Spain,Lazio,CM,R,77,183,71,70,75,80,68,60,82,76,,,582,,v10.20
Youri,Tielemans,1300,Belgium,Leicester,CM,R,77,176,66,69,75,81,65,70,83,75,,,584,,v10.20
James,Ward-Prowse,1300,England,Southampton,CM,R,77,173,68,71,90,74,66,69,83,78,,,599,,v10.20
Konrad,Laimer,1300,Austria,,CM,R,77,180,79,79,80,71,67,77,74,63,,,590,,v10.20
Ivan,Rakitic,1300,Croatia,Sevilla,CM,R,77,184,67,69,71,80,68,68,83,75,,,581,,v10.20
,Gavi,1300,Spain,Barcelona,CM,R,77,173,73,76,77,80,63,68,81,64,,,582,18129,v10.20
Granit,Xhaka,1300,Switzerland,Arsenal,CM,L,77,186,64,60,83,73,77,78,82,74,,,591,,v10.20
,Fred,1300,Brazil,Man United,CM,L,77,169,73,76,80,78,68,70,74,67,,,586,,v10.20
Christian,Eriksen,1300,Denmark,Man United,CM,B,77,182,69,70,75,83,63,56,86,79,,,581,,v10.20
Enzo,Fernandez,1300,Argentina,Chelsea,CM,R,77,178,71,74,81,77,69,72,83,61,,,588,,v10.20
Denis,Zakaria,1300,Switzerland,Chelsea,DM,R,77,190,83,71,74,73,77,70,75,56,,,579,,v10.20
Ibrahim,Sangare,1300,Ivory Coast,PSV,DM,R,77,191,69,69,82,71,83,80,74,59,,,587,,v10.20
Bryan,Cristante,1300,Italy,Roma,DM,R,77,186,69,66,86,75,74,79,73,67,,,589,,v10.20
Joao,Palhinha,1300,Portugal,Fulham,DM,R,77,190,66,65,82,71,81,82,73,67,,,587,,v10.20
Joao,Mario,1300,Portugal,Benfica,LM,R,77,179,68,71,78,80,66,67,81,76,,,587,,v10.20
David,Neres,1300,Brazil,Benfica,RM,L,77,175,81,84,72,83,59,44,75,74,,,572,,v10.20
Jarrod,Bowen,1300,England,West Ham,RM,L,77,175,79,83,86,75,63,47,73,78,,,584,,v10.20
Leonardo,Bonucci,1160,Italy,Juventus,CB,R,77,190,66,64,77,73,84,84,77,61,,,586,2458,v10.20
Presnel,Kimpembe,1160,France,Paris SG,CB,L,77,182,72,71,82,75,81,81,75,46,,,583,,v10.20
Raul,Albiol,1160,Spain,Villareal,CB,R,77,187,64,62,81,72,84,88,76,63,,,590,,v10.20
Roger,Ibanez,1160,Brazil,Roma,CB,R,77,186,78,78,75,68,79,82,74,51,,,585,,v10.20
,Gabriel,1160,Brazil,Arsenal,CB,L,77,190,70,65,75,71,85,84,76,60,,,586,,v10.20
Ben,White,1160,England,Arsenal,CB,R,77,186,75,69,82,73,77,81,77,49,,,583,,v10.20
Chris,Smalling,1160,England,Roma,CB,R,77,194,72,65,75,71,89,81,74,57,,,584,,v10.20
Alex,Moreno,1160,Spain,Aston Villa,LB,L,77,179,83,83,80,72,65,73,71,56,,,583,,v10.20
Yuri,Berchiche,1160,Spain,Athletic Bilbao,LB,L,77,181,77,77,76,72,76,78,72,49,,,577,,v10.20
Mario,Rui,1160,Portugal,Napoli,LB,L,77,168,77,80,80,73,55,73,80,71,,,589,,v10.20
Jesus,Navas,1160,Spain,Sevilla,RB,R,77,172,81,81,71,76,56,65,78,69,,,577,,v10.20
Lucas,Vazquez,1160,Spain,Real Madrid,RB,R,77,173,80,81,70,77,57,71,76,69,,,581,,v10.20
Diogo,Dalot,1160,Portugal,Man United,RB,R,77,183,81,78,74,73,74,74,75,46,,,575,,v10.20
,Danilo,1160,Brazil,Juventus,RB,R,77,184,73,75,76,75,75,79,74,54,,,581,,v10.20
Yassine,Bounou,1045,Morocco,Sevilla,GK,L,77,195,67,64,,59,58,47,56,,71,76,498,,v10.20
David,Ospina,1045,Colombia,,GK,R,77,182,65,66,,58,60,48,60,,72,75,504,,v10.20
Walter,Benitez,1045,Argentina,PSV,GK,R,77,191,66,62,,51,57,36,52,,73,74,471,,v10.20
Alex,Remiro,1045,Spain,Real Sociedad,GK,R,77,192,58,56,,60,63,40,58,,73,74,482,,v10.20
Aaron,Ramsdale,1045,England,Arsenal,GK,R,77,188,59,58,,56,59,43,61,,73,76,485,,v10.20
Zlatan,Ibrahimovic,1295,Sweden,AC Milan,CF,B,76,195,64,62,60,82,87,49,73,82,,,559,181,v10.20
Andre,Silva,1295,Portugal,,CF,R,76,185,74,72,72,78,77,38,73,81,,,565,,v10.20
Jamie,Vardy,1295,England,Leicester,CF,R,76,179,79,80,66,79,66,31,72,84,,,557,10174,v10.20
Edinson,Cavani,1295,Uruguay,Valencia,CF,R,76,184,70,69,72,77,75,56,72,81,,,572,,v10.20
Mehdi,Taremi,1295,Iran,Porto,CF,R,76,185,75,73,77,78,75,33,75,83,,,569,,v10.20
Andy,Delort,1295,Algeria,OGC Nice,CF,R,76,181,81,78,72,70,78,39,69,79,,,566,,v10.20
Ante,Rebic,1295,Croatia,AC Milan,CF,R,76,185,79,79,73,77,74,38,69,74,,,563,,v10.20
Breel,Embolo,1295,Switzerland,Monaco,CF,R,76,187,82,75,72,72,81,42,66,77,,,567,,v10.20
Andrea,Belotti,1295,Italy,Roma,CF,R,76,181,74,72,78,75,82,42,70,80,,,573,,v10.20
Andrej,Kramaric,1295,Croatia,,CF,R,76,177,69,71,81,77,77,43,74,81,,,573,,v10.20
Raul,De Tomas,1295,Spain,Vallecano,CF,R,76,180,73,73,79,78,72,39,72,82,,,568,17157,v10.20
Youssef,En-Nesyri,1295,Morocco,Sevilla,CF,L,76,188,79,76,69,74,79,40,67,79,,,563,,v10.20
Arnaut,Danjuma,1295,Netherlands,Tottenham,CF,R,76,178,80,81,71,79,62,40,71,80,,,564,,v10.20
Jose Luis,Morales,1295,Spain,Villareal,CF,R,76,180,79,80,74,79,63,44,68,77,,,564,,v10.20
Julian,Alvarez,1295,Argentina,Man City,CF,R,76,170,77,82,72,78,65,40,73,79,,,566,,v10.20
Goncalo,Ramos,1295,Portugal,Benfica,CF,R,76,185,79,75,72,73,80,35,69,80,,,563,,v10.20
Arkadiusz,Milik,1295,Poland,Juventus,CF,L,76,186,71,67,70,76,81,47,74,80,,,566,,v10.20
Ferran,Torres,1295,Spain,Barcelona,LW,R,76,184,79,82,71,81,64,39,76,76,,,568,,v10.20
Eden,Hazard,1295,Belgium,Real Madrid,LW,R,76,175,75,81,63,84,64,33,80,77,,,557,4053,v10.20
Lucas,Ocampos,1295,Argentina,Sevilla,LW,B,76,188,75,75,75,78,68,51,72,73,,,567,,v10.20
Nicolas,Gonzalez,1295,Argentina,Fiorentina,LW,L,76,180,82,79,71,79,68,38,72,74,,,563,,v10.20
Luis,Sinisterra,1295,Colombia,Leeds,LW,R,76,172,85,87,69,82,49,44,76,71,,,563,,v10.20
Jonathan,Bamba,1295,Ivory Coast,Lille,LW,R,76,175,85,86,74,74,62,42,73,68,,,564,,v10.20
Leandro,Trossard,1295,Belgium,Arsenal,LW,R,76,172,76,83,80,80,58,46,78,75,,,576,,v10.20
Alexis,Saelemaekers,1295,Belgium,AC Milan,RW,R,76,180,78,77,76,77,64,56,73,70,,,571,,v10.20
Lucas,Moura,1295,Brazil,Tottenham,RW,R,76,172,82,85,70,83,59,42,72,73,,,566,,v10.20
Jesus,Corona,1295,Mexico,Sevilla,RW,B,76,173,77,80,70,81,59,56,74,66,,,563,,v10.20
Felipe,Anderson,1295,Brazil,Lazio,RW,R,76,175,79,80,74,81,62,47,75,72,,,570,,v10.20
Miguel,Almiron,1295,Paraguay,Newcastle,RW,L,76,174,83,84,76,77,60,47,71,73,,,571,16637,v10.20
Goncalo,Guedes,1295,Portugal,Wolves,SS,R,76,179,82,84,72,78,61,42,71,73,,,563,,v10.20
Nicolo,Zaniolo,1295,Italy,,SS,L,76,190,80,73,68,77,77,45,68,70,,,558,,v10.20
Dimitri,Payet,1195,France,Marseille,AM,R,76,175,71,75,70,82,65,42,82,79,,,566,,v10.20
David,Silva,1195,Spain,Real Sociedad,AM,L,76,170,68,72,70,83,66,56,85,71,,,571,,v10.20
Alexis,Mac Allister,1195,Argentina,Brighton,AM,R,76,174,69,71,78,77,63,65,80,77,,,580,,v10.20
Mario,Pasalic,1195,Croatia,Atalanta,AM,R,76,188,70,68,72,74,75,62,73,78,,,572,,v10.20
Brais,Mendez,1195,Spain,Real Sociedad,AM,L,76,187,71,71,74,77,69,60,79,73,,,574,,v10.20
,Saul,1195,Spain,Atletico Madrid,CM,L,76,184,68,68,67,76,74,72,76,68,,,569,,v10.20
Georgino,Wijnaldum,1195,Netherlands,Roma,CM,R,76,175,66,71,77,77,69,70,77,68,,,575,,v10.20
Weston,McKennie,1195,USA,Leeds,CM,R,76,185,74,71,76,74,76,71,72,63,,,577,17591,v10.20
Renato,Sanches,1195,Portugal,Paris SG,CM,R,76,176,78,80,70,78,64,61,73,64,,,568,,v10.20
Sergi,Darder,1195,Spain,Espanyol,CM,R,76,180,72,72,80,74,66,72,78,69,,,583,,v10.20
Jordan,Henderson,1195,England,Liverpool,CM,R,76,182,67,67,80,77,72,68,80,70,,,581,1251,v10.20
John,McGinn,1195,Scotland,Aston Villa,CM,L,76,178,68,71,78,73,70,74,75,69,,,578,,v10.20
Jordan,Veretout,1195,France,Marseille,CM,R,76,177,80,77,80,70,70,66,78,58,,,579,,v10.20
Marcel,Sabitzer,1195,Austria,Man United,CM,R,76,178,69,69,75,76,67,66,79,76,,,577,,v10.20
Carlos,Soler,1195,Spain,Paris SG,CM,R,76,183,78,76,76,74,66,47,76,78,,,571,,v10.20
Eduardo,Camavinga,1195,France,Real Madrid,CM,L,76,182,74,71,74,78,67,71,79,63,,,577,,v10.20
Tanguy,Ndombele,1195,France,Napoli,CM,R,76,181,68,73,63,81,69,65,78,66,,,563,,v10.20
Benjamin,Andre,1195,France,Lille,CM,R,76,180,68,68,83,71,79,81,75,56,,,581,,v10.20
,Vitinha,1195,Portugal,Paris SG,CM,R,76,172,73,80,78,80,59,64,81,63,,,578,,v10.20
Ander,Herrera,1195,Spain,Athletic Bilbao,CM,R,76,182,68,69,72,80,65,62,81,73,,,570,,v10.20
Kalvin,Phillips,1195,England,Man City,DM,R,76,179,70,70,77,74,72,77,78,64,,,582,,v10.20
Teun,Koopmeiners,1195,Netherlands,Atalanta,DM,L,76,183,69,67,85,72,71,71,78,72,,,585,,v10.20
Leandro,Paredes,1195,Argentina,Juventus,DM,R,76,180,70,69,72,77,66,71,79,68,,,572,,v10.20
Stanislav,Lobotka,1195,Slovakia,Napoli,DM,B,76,170,70,73,81,74,65,73,81,69,,,586,,v10.20
Geoffrey,Kondogbia,1195,Central African Rep.,Atletico Madrid,DM,L,76,188,65,63,73,76,83,80,77,59,,,576,,v10.20
Marten,De Roon,1195,Netherlands,Atalanta,DM,R,76,185,67,66,85,75,73,79,71,63,,,579,,v10.20
Guido,Rodriguez,1195,Argentina,Real Betis,DM,R,76,185,67,65,83,74,76,83,79,55,,,582,,v10.20
Tomas,Soucek,1195,Czech Republic,West Ham,DM,R,76,192,69,67,89,70,79,76,70,68,,,588,,v10.20
William,Carvalho,1195,Portugal,Real Betis,DM,R,76,187,61,59,75,78,81,79,78,70,,,581,,v10.20
Manuel,Ugarte,1195,Uruguay,Sporting CP,DM,R,76,182,76,72,81,75,70,73,78,50,,,575,,v10.20
Robin,Gosens,1195,Germany,Inter Milan,LM,L,76,183,77,73,78,72,71,70,72,67,,,580,,v10.20
Harvey,Barnes,1195,England,Leicester,LM,R,76,182,80,80,71,77,68,42,72,75,,,565,,v10.20
Ricardo,Horta,1195,Portugal,Braga,LM,R,76,173,77,79,71,75,65,55,74,72,,,568,,v10.20
Vincenzo,Grifo,1195,Italy,,LM,R,76,180,74,76,75,79,68,41,80,77,,,570,,v10.20
Cesar,Azpilicueta,1070,Spain,Chelsea,CB,R,76,178,69,66,73,75,77,83,76,55,,,574,,v10.20
Ibrahima,Konate,1070,France,Liverpool,CB,R,76,194,75,71,71,72,84,79,72,48,,,572,,v10.20
Eric,Dier,1070,England,Tottenham,CB,R,76,188,68,64,82,69,82,77,75,62,,,579,,v10.20
Jan,Vertonghen,1070,Belgium,Benfica,CB,L,76,189,67,66,81,70,81,82,74,59,,,580,,v10.20
Viktor,Lindelof,1070,Sweden,Man United,CB,R,76,187,71,68,77,72,82,78,74,54,,,576,14346,v10.20
Jurrien,Timber,1070,Netherlands,Ajax,CB,R,76,179,81,77,73,69,74,78,72,52,,,576,,v10.20
Harry,Maguire,1070,England,Man United,CB,R,76,194,65,62,79,72,88,82,74,53,,,575,7400,v10.20
Robin,Le Normand,1070,France,Real Sociedad,CB,R,76,187,68,67,82,73,84,79,74,51,,,578,,v10.20
Amir,Rrahmani,1070,Kosovo,Napoli,CB,B,76,192,70,65,79,70,84,82,76,50,,,576,,v10.20
Josko,Gvardiol,1070,Croatia,,CB,L,76,185,75,74,69,71,79,77,75,48,,,568,,v10.20
Mario,Hermoso,1070,Spain,Atletico Madrid,CB,L,76,184,75,71,73,71,77,81,69,53,,,570,,v10.20
,Diego Carlos,1070,Brazil,Aston Villa,CB,R,76,186,71,69,69,72,82,80,73,56,,,572,,v10.20
Clement,Lenglet,1070,France,Tottenham,CB,L,76,186,72,69,74,73,79,77,75,51,,,570,,v10.20
Francesco,Acerbi,1070,Italy,Inter Milan,CB,L,76,192,65,64,78,70,85,80,76,60,,,578,,v10.20
Stefan,Savic,1070,Montenegro,Atletico Madrid,CB,R,76,187,70,70,78,70,82,82,71,53,,,576,,v10.20
Alex,Telles,1070,Brazil,Sevilla,LB,L,76,181,80,73,71,74,61,74,73,66,,,572,,v10.20
Ben,Chilwell,1070,England,Chelsea,LB,L,76,181,72,72,72,73,72,73,79,62,,,575,,v10.20
Marcos,Alonso,1070,Spain,Barcelona,LB,L,76,188,68,67,76,73,79,73,70,73,,,579,,v10.20
Federico,Dimarco,1070,Italy,Inter Milan,LB,L,76,175,74,76,78,70,64,73,79,66,,,580,,v10.20
Daley,Blind,1070,Netherlands,Ajax,LB,L,76,180,66,68,76,76,76,78,80,58,,,578,,
Javi,Galan,1070,Spain,Celta Vigo,LB,L,76,172,75,76,87,81,66,77,73,41,,,576,,v10.20
Juan,Bernat,1070,Spain,Paris SG,LB,L,76,177,79,77,72,75,64,72,75,61,,,575,,v10.20
Nicolas,Tagliafico,1070,Argentina,Lyon,LB,L,76,172,77,78,79,70,74,80,72,50,,,580,,v10.20
Ander,Capa,1070,Spain,Athletic Bilbao,RB,R,76,175,80,77,72,76,59,73,68,66,,,571,,v10.20
Aaron,Wan-Bissaka,1070,England,Man United,RB,R,76,183,82,77,71,73,70,83,69,41,,,566,16380,v10.20
Nordi,Mukiele,1070,France,Paris SG,RB,R,76,187,76,72,73,71,80,80,74,48,,,574,,v10.20
Kasper,Schmeichel,965,Denmark,OGC Nice,GK,R,76,189,51,50,,54,64,39,58,,73,73,462,,v10.20
Jose,Sa,965,Portugal,Wolves,GK,R,76,192,56,55,,49,60,48,50,,73,74,465,,v10.20
Odysseas,Vlachodimos,965,Greece,Benfica,GK,R,76,190,66,70,,63,63,41,64,,71,73,511,,v10.20
Alphonse,Areola,965,France,West Ham,GK,R,76,195,63,66,,59,60,43,61,,69,75,496,,v10.20
Pau,Lopez,965,Spain,Marseille,GK,L,76,189,63,65,,58,56,35,62,,70,76,485,,v10.20
Fernando,Muslera,965,Uruguay,,GK,R,76,190,57,55,,57,60,50,56,,71,75,481,,v10.20
Marko,Dmitrovic,965,Serbia,Sevilla,GK,L,76,194,67,65,,52,60,37,54,,71,74,480,,v10.20
Alban,Lafont,965,France,Nantes,GK,R,76,196,65,66,,53,57,39,55,,72,75,482,,v10.20
David,Raya,965,Spain,Brentford,GK,R,76,183,67,66,,55,58,43,59,,74,73,495,,v10.20
Giovanni,Simeone,1190,Argentina,Napoli,CF,R,75,181,78,79,71,71,69,43,68,81,,,560,14951,v10.20
,Beto,1190,Portugal,Udinese,CF,R,75,194,84,80,70,71,80,28,68,77,,,558,,v10.20
Callum,Wilson,1190,England,Newcastle,CF,R,75,180,80,75,70,73,73,39,66,81,,,557,,v10.20
Maxi,Gomez,1090,Uruguay,Valencia,CF,R,75,186,61,63,78,76,81,56,70,75,,,560,,v10.20
Marko,Arnautovic,1190,Austria,Bologna,CF,B,75,190,74,72,72,74,80,38,71,75,,,556,,v10.20
Moussa,Dembele,1190,France,Lyon,CF,R,75,183,77,75,71,72,80,39,67,80,,,561,,v10.20
,Joselu,1190,Spain,Espanyol,CF,R,75,192,66,63,81,75,84,39,69,80,,,557,,v10.20
Aleksandar,Mitrovic,1190,Serbia,Fulham,CF,R,75,189,67,65,74,72,89,45,68,80,,,560,,v10.20
Borja,Iglesias,1190,Spain,Real Betis,CF,R,75,187,73,66,69,72,82,40,70,82,,,554,,v10.20
Alexis,Sanchez,1190,Chile,Marseille,CF,R,75,169,74,75,66,76,66,48,73,77,,,555,,v10.20
Gaetan,Laborde,1190,France,OGC Nice,CF,L,75,181,73,73,77,73,80,37,70,77,,,560,,v10.20
Ollie,Watkins,1190,England,Aston Villa,CF,R,75,180,83,77,80,71,73,30,69,81,,,564,,v10.20
Eric,Choupo-Moting,1190,Cameroon,,CF,R,75,191,69,67,69,79,78,33,72,79,,,546,,v10.20
Ansu,Fati,1190,Spain,Barcelona,LW,R,75,178,83,88,63,80,54,39,74,76,,,557,17195,v10.20
Papu,Gomez,1190,Argentina,Sevilla,LW,R,75,167,77,83,65,79,57,37,79,72,,,549,,v10.20
Thorgan,Hazard,1190,Belgium,PSV,LW,R,75,175,76,80,69,79,65,47,72,71,,,559,,v10.20
Moses,Simon,1190,Nigeria,Nantes,LW,R,75,168,86,86,71,78,58,36,73,70,,,558,,
Karl,Toko Ekambi,1190,Cameroon,Lyon,LW,R,75,186,82,78,70,77,69,33,71,77,,,557,,
Justin,Kluivert,1190,Netherlands,Valencia,LW,B,75,171,84,83,76,77,68,26,70,72,,,556,,v10.20
Mykhailo,Mudryk,1190,Ukraine,Chelsea,LW,R,75,175,90,92,71,77,55,35,66,66,,,552,,v10.20
Adama,Traore,1190,Spain,Wolves,RW,R,75,178,90,83,63,77,81,21,66,62,,,543,,v10.20
Pablo,Sarabia,1190,Spain,Wolves,RW,L,75,174,73,79,77,81,60,41,80,76,,,567,,v10.20
Samuel,Chukwueze,1190,Nigeria,Villareal,RW,L,75,172,83,85,68,82,59,33,73,71,,,554,,v10.20
Dries,Mertens,1190,Belgium,,SS,R,75,169,70,80,68,82,53,45,77,78,,,553,,v10.20
Ademola,Lookman,1190,Nigeria,Atalanta,SS,R,75,174,80,85,68,78,54,40,73,76,,,554,,v10.20
Joaquin,Correa,1190,Argentina,Inter Milan,SS,R,75,189,80,77,67,79,69,38,71,74,,,555,13851,v10.20
Giacomo,Raspadori,1190,Italy,Napoli,SS,B,75,172,76,78,75,78,63,35,74,77,,,556,,v10.20
Philippe,Coutinho,1095,Brazil,Aston Villa,AM,R,75,172,75,81,60,80,52,47,79,75,,,549,1866,v10.20
Houssem,Aouar,1095,Algeria,Lyon,AM,R,75,175,72,75,69,80,60,60,78,71,,,565,,v10.20
Brahim,Diaz,1095,Spain,AC Milan,AM,B,75,171,75,82,70,80,54,47,80,75,,,563,,v10.20
Emile,Smith Rowe,1095,England,Arsenal,AM,R,75,182,74,76,71,79,60,41,76,74,,,551,,v10.20
Dani,Olmo,1095,Spain,,AM,R,75,179,70,74,73,83,63,39,80,74,,,556,,v10.20
James,Rodriguez,1300,Colombia,,AM,L,75,181,67,72,70,81,67,51,81,76,,,565,,v10.20
,Isco,1095,Spain,Sevilla,AM,R,75,175,70,70,65,84,63,45,79,74,,,550,,
Denis,Suarez,1095,Spain,Espanyol,AM,R,75,176,77,74,63,81,63,54,64,75,,,551,,v10.20
Mohammed,Kudus,1095,Ghana,Ajax,AM,L,75,177,82,84,64,79,60,44,73,70,,,556,,v10.20
Giovani,Lo Celso,1095,Argentina,Villareal,AM,L,75,177,72,77,67,77,69,51,72,71,,,556,,v10.20
Steven,Berghuis,1095,Netherlands,Ajax,AM,L,75,182,74,75,79,79,58,48,79,79,,,571,,v10.20
Xavi,Simons,1095,Netherlands,PSV,AM,R,75,179,76,79,71,78,66,44,74,73,,,561,,v10.20
Arturo,Vidal,1095,Chile,,CM,R,75,182,66,71,71,73,72,76,72,68,,,569,4736,v10.20
Naby,Keita,1095,Mali,Liverpool,CM,R,75,172,67,76,65,79,63,70,77,68,,,565,,v10.20
Matteo,Guendouzi,1095,France,Marseille,CM,R,75,185,70,72,81,74,69,66,77,66,,,575,,v10.20
Conor,Gallagher,1095,England,Chelsea,CM,R,75,182,72,73,82,73,66,61,72,73,,,572,,v10.20
Thomas,Delaney,1095,Denmark,Sevilla,CM,L,75,182,71,71,72,70,80,76,70,61,,,571,,
Valentin,Rongier,1095,France,Marseille,CM,R,75,172,71,69,78,76,69,70,74,66,,,573,,v10.20
Corentin,Tolisso,1095,France,Lyon,CM,R,75,181,68,67,71,74,73,68,78,68,,,567,,v10.20
Xaver,Schlager,1095,Austria,,CM,L,75,174,68,75,84,68,73,76,71,63,,,578,,v10.20
Joan,Jordan,1095,Spain,Sevilla,CM,R,75,183,73,72,73,75,62,69,76,65,,,565,,v10.20
Manu,Trigueros,1095,Spain,Villareal,CM,R,75,178,66,65,75,78,63,68,78,70,,,563,,v10.20
Matheus,Nunes,1095,Portugal,Wolves,CM,R,75,184,81,74,75,73,68,68,70,60,,,569,,v10.20
Orkun,Kokcu,1095,Turkey,Feyenoord,CM,B,75,175,69,73,78,76,60,66,80,74,,,576,,v10.20
Axel,Witsel,1095,Belgium,Atletico Madrid,DM,R,75,186,65,63,71,73,79,75,81,65,,,572,,v10.20
Scott,McTominay,1095,Scotland,Man United,DM,R,75,193,65,63,76,70,82,76,70,66,,,568,,v10.20
Yves,Bissouma,1095,Mali,Tottenham,DM,R,75,182,69,69,71,73,75,78,75,61,,,571,,v10.20
Nemanja,Matic,1095,Serbia,Roma,DM,L,75,194,63,60,71,75,80,76,77,69,,,571,,v10.20
Lucas,Torreira,1095,Uruguay,Fiorentina,DM,R,75,167,73,73,74,72,71,68,69,69,,,569,,v10.20
Wilfred,Ndidi,1095,Nigeria,Leicester,DM,R,75,183,69,65,81,73,79,79,74,54,,,574,,v10.20
Moises,Caicedo,1095,Ecuador,Brighton,DM,R,75,178,71,74,78,70,74,75,79,53,,,574,,v10.20
Boubacar,Kamara,1095,France,Aston Villa,DM,R,75,184,71,69,78,70,76,77,78,49,,,568,,v10.20
Nicolas,Pepe,1095,Ivory Coast,OGC Nice,RM,L,75,183,82,84,64,76,63,41,74,72,,,556,,v10.20
Sebastian,Coates,985,Uruguay,Sporting CP,CB,R,75,196,69,67,80,65,89,82,69,46,,,567,,v10.20
Wesley,Fofana,985,France,Chelsea,CB,R,75,186,81,75,62,69,79,83,73,39,,,561,,v10.20
Joe,Gomez,985,England,Liverpool,CB,R,75,188,79,73,64,72,79,77,71,42,,,557,,v10.20
Kurt,Zouma,985,France,West Ham,CB,R,75,190,70,66,73,66,91,76,79,50,,,571,,v10.20
,Nacho,985,Spain,Real Madrid,CB,R,75,180,78,75,68,68,74,77,71,54,,,565,,v10.20
Inigo,Martinez,985,Spain,Athletic Bilbao,CB,R,75,182,71,71,74,66,83,78,69,56,,,568,,v10.20
Nicolas,Otamendi,985,Argentina,Benfica,CB,R,75,182,59,64,79,74,78,82,75,59,,,570,,v10.20
Gianluca,Mancini,985,Italy,Roma,CB,R,75,190,66,62,80,69,82,79,73,56,,,567,,v10.20
Fabian,Schar,985,Switzerland,Newcastle,CB,R,75,186,64,61,79,70,83,81,76,64,,,578,,v10.20
Goncalo,Inacio,985,Portugal,Sporting CP,CB,L,75,185,75,71,71,71,77,75,73,53,,,566,,v10.20
Marc,Cucurella,985,Spain,Chelsea,LB,L,75,173,74,77,81,73,67,76,74,54,,,576,17342,v10.20
Renan,Lodi,985,Brazil,Nottingham Forest,LB,L,75,178,81,78,72,72,68,74,70,51,,,566,,
Kieran,Tierney,985,Scotland,Arsenal,LB,L,75,178,85,85,73,71,66,62,70,48,,,560,,v10.20
Sergio,Reguilon,985,Spain,Atletico Madrid,LB,L,75,178,78,83,69,70,72,73,65,55,,,565,,v10.20
Thomas,Meunier,985,Belgium,Belgium,RB,R,75,191,74,69,71,71,78,71,72,57,,,563,,v10.20
Sergi,Roberto,985,Spain,Barcelona,RB,R,75,178,75,72,68,74,66,70,76,63,,,564,,v10.20
Juan,Foyth,985,Argentina,Villareal,RB,R,75,187,70,68,71,73,76,82,72,44,,,556,,v10.20
Manuel,Lazzari,985,Italy,Lazio,RB,R,75,174,83,84,77,75,53,66,72,54,,,564,,v10.20
Noussair,Mazraoui,985,Morocco,,RB,R,75,183,79,79,76,75,65,72,75,46,,,567,,v10.20
Davide,Calabria,985,Italy,AC Milan,RB,R,75,177,76,76,76,68,71,74,72,50,,,563,,v10.20
Pablo,Maffeo,985,Spain,Mallorca,RB,R,75,172,79,80,80,75,66,74,65,41,,,560,,v10.20
Nahuel,Molina,985,Argentina,Atletico Madrid,RB,R,75,175,81,82,76,70,61,71,73,60,,,574,,v10.20
Pedro,Porro,985,Spain,Tottenham,RB,R,75,173,76,77,71,70,68,73,74,60,,,569,,v10.20
Emerson,Royal,985,Brazil,Tottenham,RB,R,75,183,77,79,73,69,69,73,69,53,,,562,,v10.20
Unai,Simon,885,Spain,Athletic Bilbao,GK,R,75,190,57,55,,58,60,48,59,,73,72,482,,v10.20
Bernd,Leno,885,Germany,Fulham,GK,R,75,189,59,60,,58,61,43,57,,70,73,481,,v10.20
Alex,Meret,885,Italy,Napoli,GK,L,75,190,64,63,,60,57,41,63,,70,74,492,,v10.20
Jeremias,Ledesma,885,Argentina,Cadiz,GK,R,75,186,51,55,,47,56,36,49,,71,73,438,,v10.20
Frederik,Ronnow,885,Denmark,,GK,R,75,188,54,51,,49,65,38,52,,72,73,454,,v10.20
Matheus,Cunha,1090,Brazil,Wolves,CF,R,74,184,78,76,71,76,62,40,67,73,,,543,,v10.20
Raul,Jimenez,1090,Mexico,Wolves,CF,R,74,190,74,67,68,75,78,43,69,75,,,549,,v10.20
Michail,Antonio,1090,Jamaica,West Ham,CF,R,74,180,78,73,70,68,80,40,63,72,,,544,,v10.20
Wout,Weghorst,1090,Netherlands,Man United,CF,R,74,197,63,61,74,72,88,43,70,77,,,548,,v10.20
Haris,Seferovic,1090,Switzerland,Benfica,CF,L,74,189,72,67,63,74,81,42,71,77,,,547,,v10.20 
Alexander,Sorloth,1090,Norway,Real Sociedad,CF,L,74,195,77,71,71,69,82,36,66,73,,,545,,v10.20
Kasper,Dolberg,1090,Denmark,,CF,R,74,186,77,76,77,75,62,31,73,77,,,548,,
Enes,Unal,1090,Turkey,Getafe,CF,R,74,187,69,68,73,72,83,43,65,79,,,552,,v10.20
Moise,Kean,1090,Italy,Juventus,CF,R,74,183,83,76,62,72,74,44,63,74,,,548,,v10.20
Sofiane,Boufal,1090,Morocco,Angers,LW,R,74,170,76,79,67,81,51,49,74,70,,,547,,v10.20
Kaoru,Mitoma,1090,Japan,Brighton,LW,R,74,178,77,83,66,80,55,46,71,72,,,550,,v10.20
Junior,Messias,1090,Brazil,AC Milan,RW,L,74,174,78,77,69,77,62,48,71,71,,,553,,v10.20
Leon,Bailey,1090,Jamaica,Aston Villa,RW,L,74,178,88,89,59,75,63,30,71,69,,,544,,v10.20
Matteo,Politano,1090,Italy,Napoli,RW,L,74,171,79,80,69,76,51,47,75,75,,,552,,v10.20
Xherdan,Shaqiri,1090,Switzerland,,RW,L,74,169,72,71,67,75,69,41,77,78,,,550,,v10.20
Erik,Lamela,1090,Argentina,Sevilla,RW,L,74,181,74,74,67,80,59,52,73,71,,,550,,v10.20
Kevin,Volland,1090,Germany,Monaco,SS,L,74,174,73,73,76,73,73,39,73,77,,,557,10097,v10.20
,Rodrigo,1090,Spain,Leeds,SS,L,74,182,78,78,72,77,61,34,71,77,,,548,,v10.20
Emiliano,Buendia,1000,Argentina,Aston Villa,AM,R,74,172,69,72,71,78,62,53,75,70,,,550,,v10.20
Eberechi,Eze,1000,England,Crystal Palace,AM,R,74,178,72,75,70,79,62,42,73,70,,,543,,v10.20
Dani,Ceballos,1000,Spain,Real Madrid,CM,R,74,179,72,70,68,77,61,67,74,62,,,551,,v10.20
Aleix,Garcia,1000,Spain,Girona,CM,R,74,173,68,70,73,74,60,69,80,61,,,555,,v10.20
Maxime,Lopez,1000,France,Sassuolo,DM,R,74,167,72,71,81,75,55,66,82,60,,,562,,v10.20
Mateus,Uribe ,1000,Colombia,,DM,R,74,182,72,72,77,71,71,67,68,67,,,565,,v10.20
Edson,Alvarez,1000,Mexico,Ajax,DM,R,74,187,67,66,79,69,80,80,73,56,,,570,,v10.20
Mario,Lemina,1000,Gabon,Wolves,DM,R,74,184,68,69,72,71,72,73,71,60,,,556,,v10.20
,Juanmi,1000,Spain,Real Betis,LM,R,74,172,70,73,71,74,66,54,70,79,,,557,,v10.20
Aleksandr,Golovin,1000,Russia,Monaco,LM,R,74,178,72,77,72,72,61,53,75,68,,,550,,v10.20
Gelson,Martins,1000,Portugal,Monaco,RM,R,74,170,88,91,68,76,49,44,69,66,,,551,,v10.20
Michael,Olise,1000,France,Crystal Palace,RM,L,74,184,72,79,70,76,62,48,73,65,,,545,,v10.20
Simon,Kjaer,900,Denmark,AC Milan,CB,R,74,190,67,60,68,70,82,80,72,50,,,549,,v10.20
Pierre,Kalulu,900,France,AC Milan,CB,R,74,182,78,74,73,68,73,79,73,42,,,560,,v10.20
Jose,Fonte,900,Portugal,Lille,CB,R,74,187,61,57,82,70,86,79,72,52,,,559,,v10.20
Trevoh,Chalobah,900,England,Chelsea,CB,R,74,192,67,67,71,69,77,77,70,54,,,552,,v10.20
Eric,Bailly,900,Ivory Coast,Marseille,CB,R,74,187,74,71,76,68,82,77,65,44,,,557,,v10.20
Chancel,Mbemba,900,DR Congo,Marseille,CB,R,74,182,73,71,74,71,78,77,70,45,,,559,,v10.20
Tyrone,Mings,900,England,Aston Villa,CB,L,74,196,79,66,78,65,84,74,69,48,,,563,,v10.20
Sergi,Gomez,900,Spain,Espanyol,CB,R,74,185,69,73,72,69,80,76,66,49,,,554,,v10.20
Antonio,Silva,900,Portugal,Benfica,CB,R,74,187,78,71,66,67,80,78,72,43,,,555,,v10.20
Benoit,Badiashile,900,France,Chelsea,CB,L,74,194,68,62,72,69,81,74,74,50,,,550,,v10.20
Nayef,Aguerd,900,Morocco,West Ham,CB,L,74,190,77,68,67,69,76,74,69,46,,,546,,v10.20
Tyrell,Malacia,900,Netherlands,Man United,LB,L,74,170,80,80,75,70,66,72,70,47,,,560,,v10.20
Pervis,Estupinan,900,Ecuador,Brighton,LB,L,74,175,77,77,76,70,70,77,74,42,,,563,,v10.20
Konstantinos,Tsimikas,900,Greece,Liverpool,LB,L,74,179,76,79,73,68,67,70,71,49,,,553,,v10.20
Nuno,Tavares,990,Portugal,Marseille,LB,L,74,183,83,75,72,72,64,67,69,54,,,556,,v10.20
Matty,Cash,900,Poland,Aston Villa,RB,R,74,185,73,74,86,67,70,76,70,57,,,573,,v10.20
Timothy,Castagne,900,Belgium,Leicester,RB,R,74,185,76,75,78,69,66,72,70,51,,,557,,v10.20
Takehiro,Tomiyasu,900,Japan,Arsenal,RB,R,74,187,69,67,68,69,78,79,72,47,,,549,,v10.20
Hector,Bellerin,900,Spain,Real Betis,RB,R,74,177,77,77,66,75,62,74,70,51,,,552,11256,v10.20
,Ricardo,900,Portugal,Leicester,RB,R,74,175,72,74,66,74,64,73,73,53,,,549,,v10.20
Alessandro,Florenzi,900,Italy,AC Milan,RB,R,74,173,72,73,65,73,65,72,70,68,,,558,,v10.20
Nelson,Semedo,900,Portugal,Wolves,RB,R,74,177,80,81,72,72,65,67,67,52,,,556,,v10.20
Robert,Sanchez,810,Spain,Brighton,GK,R,74,197,57,58,,57,59,39,55,,72,71,468,,
Anthony,Lopes,810,Portugal,Lyon,GK,L,74,184,63,65,,59,55,39,59,,67,76,483,,v10.20
Pierluigi,Gollini,810,Italy,Napoli,GK,R,74,194,67,63,,54,56,37,61,,70,72,480,,v10.20
Martin,Dubravka,810,Slovakia,Newcastle,GK,R,74,190,63,63,,52,55,35,56,,70,72,466,,v10.20
Mattia,Perin,810,Italy,Juventus,GK,R,74,188,59,63,,56,52,47,58,,67,75,477,,v10.20
Divock,Origi,990,Belgium,AC Milan,CF,R,73,189,79,70,61,71,73,39,64,76,,,533,,v10.20
Patrick,Bamford,990,England,Leeds,CF,L,73,185,77,70,69,71,71,42,70,74,,,544,,v10.20
Emmanuel,Dennis,990,Nigeria,Nottingham Forest,CF,R,73,175,79,83,67,73,63,41,63,70,,,539,,v10.20
Danny,Ings,990,England,Aston Villa,CF,R,73,178,71,71,73,71,71,46,67,77,,,547,,
Sasa,Kalajdzic,990,Austria,Wolves,CF,R,73,200,68,69,70,72,81,39,68,76,,,543,,v10.20
Kelechi,Iheanacho,990,Nigeria,Leicester,CF,L,73,185,77,77,69,73,65,38,72,73,,,544,,v10.20
,Rafa Mir,990,Spain,Sevilla,CF,R,73,191,80,73,69,69,77,33,62,74,,,537,,v10.20
Paul,Onuachu,990,Nigeria,Southampton,CF,R,73,201,72,65,68,70,87,28,65,78,,,533,,v10.20
,Munir,990,Morocco,Getafe,CF,L,73,175,73,77,64,76,62,45,71,71,,,539,,v10.20
Anthony,Martial,990,France,Man United,CF,R,73,181,76,80,63,78,66,31,65,72,,,531,,v10.20
Rafael,Santos Borre,990,Colombia,,CF,R,73,174,76,77,77,76,56,43,70,77,,,552,,v10.20
Michy,Batshuayi,990,Belgium,,CF,R,73,180,75,75,68,74,71,41,58,79,,,541,,v10.20
Lois,Openda,990,Belgium,Lens,CF,R,73,179,85,85,70,69,64,27,63,76,,,539,,v10.20
Boulaye,Dia,990,Senegal,Salernitana,CF,R,73,180,80,80,68,72,63,31,69,73,,,536,,v10.20
Pedro,Neto,990,Portugal,Wolves,LW,L,73,172,81,81,60,77,53,41,72,70,,,535,,v10.20
Sofiane,Diop,990,France,OGC Nice,LW,R,73,175,69,72,69,79,55,56,73,70,,,543,,v10.20
,Suso,990,Spain,Sevilla,RW,L,73,176,72,76,66,78,54,54,75,71,,,546,,v10.20
Cengis,Under,990,Turkey,Marseille,RW,L,73,173,81,82,72,73,52,41,73,71,,,545,,v10.20
Florian,Thauvin,990,France,Udinese,RW,L,73,181,72,76,69,77,63,40,74,70,,,541,,v10.20
Junya,Ito,990,Japan,Reims,RW,R,73,176,81,83,74,72,62,32,69,68,,,541,,v10.20
,Trincao,990,Portugal,Sporting CP,RW,L,73,184,76,74,70,76,60,45,72,69,,,542,,v10.20
Dodi,Lukebakio,990,Belgium,,RW,L,73,187,80,78,63,78,64,29,66,73,,,531,,v10.20
Noni,Madueke,990,England,Chelsea,RW,L,73,182,83,86,57,78,56,37,66,67,,,530,,v10.20
Charles,De Ketelaere,910,Belgium,AC Milan,AM,L,73,192,72,73,75,78,69,31,73,70,,,541,,v10.20
Hamed,Traore,910,Ivory Coast,Bournemouth,AM,R,73,184,75,78,65,72,57,60,70,68,,,545,,v10.20
Remy,Cabella,910,France,Lille,AM,R,73,172,72,74,71,75,50,59,80,71,,,552,,v10.20
Hans,Vanaken,910,Belgium,Belgium,AM,R,73,195,59,60,77,72,78,60,76,71,,,553,,v10.20
Joao,Moutinho,910,Portugal,Wolves,CM,R,73,170,62,66,75,75,58,70,81,68,,,555,,v10.20
,Arthur,910,Brazil,Liverpool,CM,R,73,172,64,70,59,80,57,66,81,62,,,539,,v10.20
Donny,Van De Beek,910,Netherlands,Man United,CM,R,73,184,67,67,63,72,66,68,76,69,,,548,,v10.20
Curtis,Jones,910,England,Liverpool,CM,R,73,185,69,70,69,76,63,59,73,67,,,546,,v10.20
Ruben,Loftus-Cheek,910,England,Chelsea,CM,R,73,191,66,65,62,73,75,66,76,61,,,544,,v10.20
Youssouf,Fofana,910,France,Monaco,CM,R,73,185,66,67,73,72,70,73,69,58,,,548,,v10.20
Aaron,Ramsey,910,Wales,OGC Nice,CM,R,73,182,67,68,65,72,67,67,73,69,,,548,,v10.20
Erick,Pulgar,910,Chile,,CM,R,73,186,67,68,69,72,72,62,71,62,,,543,,
Andre,Gomes,910,Portugal,Lille,CM,R,73,188,71,74,72,74,72,52,68,65,,,548,,v10.20
Djibril,Sow,910,Switzerland,,CM,R,73,184,70,70,79,68,69,65,72,65,,,558,,v10.20
Oliver,Torres,910,Spain,Sevilla,CM,R,73,175,70,69,62,79,62,69,74,58,,,543,,v10.20
Alex,Oxlade-Chamberlain,910,England,Liverpool,CM,R,73,175,75,78,61,74,63,48,65,72,,,536,,v10.20
Joe,Willock,910,England,Newcastle,CM,R,73,186,76,74,68,71,59,62,69,67,,,546,,v10.20
Exequiel,Palacios,910,Argentina,,CM,R,73,177,68,68,77,72,58,71,75,69,,,558,,v10.20
Joey,Veerman,910,Netherlands,PSV,DM,R,73,185,67,67,73,71,69,65,76,64,,,552,,v10.20
Asier,Illaramendi,910,Spain,Real Sociedad,DM,R,73,179,65,64,59,70,78,72,73,60,,,541,,v10.20
Remo,Freuler,910,Switzerland,Nottingham Forest,DM,R,73,181,68,67,82,69,65,72,75,58,,,556,,
Wilmar,Barrios ,910,Colombia,,DM,R,73,178,69,70,81,66,69,76,73,51,,,555,,v10.20
Khephren,Thuram,910,France,Nice,DM,R,73,192,70,67,72,75,67,68,72,56,,,547,,v10.20
Renato,Tapia,910,Peru,Celta Vigo,DM,R,73,185,67,67,72,67,73,77,72,56,,,551,,v10.20
Tyler,Adams,910,USA,Leeds,DM,R,73,175,72,77,83,67,65,78,73,41,,,556,,v10.20
Ryan,Sessegnon,910,England,Tottenham,LM,L,73,178,78,79,74,68,59,69,69,51,,,547,,v10.20
Joakim,Maehle,910,Denmark,Atalanta,LM,R,73,185,82,81,69,68,63,64,61,60,,,548,,v10.20
Javi,Puado,910,Spain,Espanyol,LM,R,73,177,79,80,70,71,59,51,68,72,,,550,,v10.20
Darko,Lazovic,910,Serbia,Hellas Verona,LM,R,73,181,76,78,79,73,69,31,75,59,,,540,,v10.20
Jack,Harrison,910,England,Leeds,LM,L,73,175,75,78,75,77,55,44,69,69,,,542,,v10.20
,Joaquin,910,Spain,Real Betis,RM,R,73,179,64,64,75,78,63,54,78,77,,,553,,v10.20
Davinson,Sanchez,820,Colombia,Tottenham,CB,R,73,187,72,67,62,68,77,77,71,48,,,542,,v10.20
James,Tarkowski,820,England,Everton,CB,R,73,185,65,63,77,62,89,81,69,51,,,557,,v10.20
Conor,Coady,820,England,Everton,CB,R,73,185,64,63,75,69,77,75,74,58,,,555,,v10.20
Nico,Elvedi,820,Switzerland,,CB,R,73,189,70,63,73,72,76,72,77,46,,,549,,
Caglar,Soyuncu,820,Turkey,Leicester,CB,R,73,185,68,64,75,70,80,77,70,45,,,549,,v10.20
,Dante,820,Brazil,OGC Nice,CB,L,73,188,64,63,77,69,82,78,73,50,,,556,,v10.20
Marc,Guehi,820,England,Crystal Palace,CB,R,73,182,71,65,78,67,80,81,70,41,,,553,,v10.20
Daniele,Rugani,820,Italy,Juventus,CB,R,73,190,69,66,71,74,76,74,73,42,,,545,,v10.20
Dejan,Lovren,820,Croatia,Lyon,CB,R,73,188,63,61,72,68,83,80,71,49,,,547,,v10.20
Dan,Burn,820,England,Newcastle,CB,L,73,198,65,62,77,65,86,79,70,47,,,551,,v10.20
Duje,Caleta-Car,820,Croatia,Southampton,CB,R,73,192,65,65,71,65,81,72,75,57,,,551,,v10.20
Ben,Davies,820,Wales,Tottenham,CB,L,73,181,70,68,71,70,72,75,70,55,,,551,,v10.20
Samuel,Gigot,820,France,Marseille,CB,R,73,187,66,64,66,67,81,76,71,52,,,543,,v10.20
Mohammed,Salisu,820,Ghana,Southampton,CB,L,73,191,71,67,79,67,80,78,66,41,,,549,,v10.20
Jose,Palomino,820,Argentina,Atalanta,CB,L,73,188,62,60,74,66,90,81,68,52,,,553,,v10.20
Mathias,Olivera,820,Uruguay,Napoli,LB,L,73,183,76,75,75,65,76,72,67,41,,,547,,
Lucas,Digne,820,France,Aston Villa,LB,L,73,178,71,72,68,71,70,71,71,49,,,543,,v10.20
Alberto,Moreno,820,Spain,VIllareal,LB,L,73,171,79,77,69,70,61,70,70,44,,,540,,v10.20
Sergino,Dest,820,USA,AC Milan,RB,R,73,171,80,82,70,73,55,72,70,44,,,546,17190,v10.20
,Dodo,820,Italy,Fiorentina,RB,R,73,166,81,83,71,72,60,67,65,37,,,536,,
Gonzalo,Montiel,820,Argentina,Sevilla,RB,R,73,175,82,80,66,68,59,75,67,51,,,548,,v10.20
Serge,Aurier,820,Ivory Coast,Nottingham Forest,RB,R,73,176,72,72,71,69,73,73,71,44,,,545,,v10.20
Alvaro,Odriozola,820,Spain,Real Madrid,RB,R,73,176,80,78,65,69,65,70,72,43,,,542,,v10.20
James,Tavernier,820,England,Rangers,RB,R,73,182,74,75,72,66,67,66,66,65,,,551,,v10.20
Kevin,Mbabu,820,Switzerland,Fulham,RB,R,73,184,77,75,65,71,72,70,68,38,,,536,,v10.20
Matt,Doherty,820,Ireland,Atletico Madrid,RB,R,73,186,70,70,71,69,73,76,73,48,,,550,,v10.20
Rasmus,Kristensen,820,Denmark,Leeds,RB,R,73,187,75,76,82,65,63,63,70,62,,,556,,v10.20
Guillermo,Ochoa,735,Mexico,Salernitana,GK,R,73,183,55,56,,55,60,46,58,,67,72,469,,v10.20
Claudio,Bravo,735,Chile,Real Betis,GK,R,73,184,59,59,,64,53,48,63,,70,68,484,,v10.20
Andrea,Consigli,735,Italy,Sassuolo,GK,R,73,189,54,56,,59,60,40,64,,69,70,472,,v10.20
Fraser,Forster,735,England,Tottenham,GK,R,73,201,51,50,,46,69,47,44,,71,69,447,,v10.20
Alexander,Nubel,735,Germany,Monaco,GK,R,73,193,55,55,,57,59,35,58,,69,71,459,,
Thomas,Strakosha,735,Albania,Brentford,GK,R,73,193,65,66,,62,63,35,66,,70,69,496,,
Matz,Sels,735,Belgium,Strasbourg,GK,R,73,188,68,65,,50,53,48,58,,67,71,480,,v10.20
Martin,Braithwaite,900,Denmark,Espanyol,CF,R,72,180,75,76,69,72,67,29,71,72,,,531,,v10.20
Hee-Chan,Hwang,900,South Korea,Wolves,CF,R,72,177,79,77,72,72,58,34,70,72,,,534,18170,v10.20
Patson,Daka,900,Zambia,Leicester,CF,R,72,183,82,81,68,70,65,25,66,72,,,529,,v10.20
Luuk,De Jong,900,Netherlands,PSV,CF,R,72,188,62,59,68,72,81,52,69,76,,,539,,v10.20
Taty,Castellanos,900,Spain,Argentina,CF,R,72,178,73,75,78,71,71,34,66,75,,,543,,v10.20
Eddie,Nketiah,900,England,Arsenal,CF,R,72,175,76,79,69,72,61,34,72,73,,,536,,v10.20
Terem,Moffi,900,Nigeria,OGC Nice,CF,L,72,188,82,80,70,68,68,26,64,73,,,531,,v10.20
Cristhian,Stuani,900,Uruguay,Girona,CF,R,72,186,67,64,71,71,80,42,69,76,,,540,,v10.20
Luis,Suarez,900,Colombia,Almeria,CF,R,72,185,84,77,68,68,71,30,60,70,,,528,,v10.20
Stevan,Jovetic,900,Montenegro,,CF,R,72,183,70,72,65,76,69,38,72,71,,,533,,v10.20
Takumi,Minamino,900,Japan,Monaco,LW,R,72,175,81,82,72,72,53,37,69,73,,,539,,
Anthony,Gordon,900,England,Newcastle,LW,R,72,183,85,86,66,70,52,38,68,67,,,532,,v10.20
Samuel,Lino,900,Brazil,Valencia,LW,R,72,178,75,77,72,74,58,43,70,66,,,535,,v10.20
Maxwel,Cornet,900,Ivory Coast,West Ham,LW,L,72,179,80,80,64,71,65,38,63,71,,,532,,v10.20
Kamaldeen,Sulemana,900,Ghana,Southampton,LW,R,72,175,86,86,59,75,57,29,63,66,,,521,,v10.20
Miroslav,Orsic,900,Croatia,Southampton,LW,R,72,179,82,83,67,70,53,40,69,75,,,539,,v10.20
Ismaila,Sarr,900,Senegal,Watford,RW,R,72,185,88,88,67,72,59,21,62,67,,,524,,
Viktor,Tsygankov,900,Ukraine,Girona,RW,L,72,178,76,77,70,74,59,38,71,71,,,536,,v10.20
Samuel,Castillejo,900,Spain,Valencia,RW,L,72,182,75,74,62,71,59,51,70,72,,,534,,v10.20
Ayoze,Perez,900,Spain,Real Betis,SS,R,72,178,75,76,70,74,59,43,69,69,,,535,,v10.20
Eljif,Elmas,825,North Macedonia,Napoli,AM,R,72,182,76,76,67,69,57,52,76,66,,,539,,
,Pizzi,825,Portugal,Benfica,AM,R,72,173,69,71,62,79,52,53,74,71,,,531,,
Andreas,Pereira,885,Brazil,Fulham,AM,R,72,177,72,74,69,71,59,48,78,70,,,541,,v10.20
Juan,Quintero,825,Colombia,,AM,L,72,169,75,79,54,79,52,41,75,67,,,522,,v10.20
Jens Petter,Hauge,825,Norway,,AM,R,72,183,85,82,74,78,58,26,62,60,,,525,,v10.20
Guus,Til,825,Netherlands,PSV,AM,R,72,186,69,69,76,68,72,52,65,72,,,543,,v10.20
Jorge,Carrascal,825,Colombia,,AM,R,72,180,72,75,71,75,55,57,67,66,,,538,,v10.20
Amine,Harit,825,Morocco,Marseille,AM,R,72,180,81,77,60,79,52,36,75,64,,,524,,v10.20
Ross,Barkley,825,England,OGC Nice,AM,R,72,189,69,67,61,74,68,48,73,70,,,530,,v10.20
Abdoulaye,Doucoure,825,Mali,Everton,CM,R,72,184,65,62,75,68,76,71,69,62,,,548,,v10.20
Matheus,Henrique,825,Brazil,Sassuolo,CM,R,72,175,69,72,72,73,55,67,78,57,,,543,,
Matias,Vecino,825,Uruguay,Lazio,CM,R,72,187,73,73,66,75,66,54,64,63,,,534,,
Pablo,Rosario,825,Netherlands,OGC Nice,CM,R,72,188,67,67,67,66,78,73,63,61,,,542,,v10.20
James,Milner,825,England,Liverpool,CM,R,72,175,64,63,80,69,70,64,74,67,,,551,,v10.20
Nicolas,Seiwald,825,Austria,,CM,R,72,180,76,76,82,65,61,69,67,52,,,548,,v10.20
Philip,Billing,825,Denmark,Bournemouth,CM,L,72,193,63,61,74,68,76,68,70,69,,,549,,v10.20
Andres,Guardado,825,Mexico,Real Betis,CM,L,72,169,69,71,71,74,63,59,66,67,,,540,,v10.20
Jean-Phillipe,Gbamin,825,Ivory Coast,Everton,DM,R,72,186,74,68,65,69,69,66,59,64,,,534,,
Gary,Medel,825,Chile,Bologna,DM,R,72,171,63,65,71,69,75,74,71,54,,,542,,
Maxence,Caqueret,825,France,Lyon,DM,R,72,174,70,74,75,73,57,76,72,48,,,545,,
Mohamed,Camara,825,Mali,Monaco,DM,R,72,174,74,77,71,65,66,72,69,48,,,542,,
Christian,Norgaard,825,Denmark,Brentford,DM,R,72,187,63,62,86,67,70,78,72,59,,,557,,
Nemanja,Gudelj,825,Serbia,Sevilla,DM,R,72,187,62,60,73,68,78,70,73,59,,,543,,
,Fernando,825,Brazil,Sevilla,DM,R,72,183,68,67,71,67,73,72,73,55,,,546,,v10.20
Etienne,Capoue,825,France,Villareal,DM,R,72,189,71,72,70,71,64,62,71,62,,,543,,v10.20
Francis,Coquelin,825,France,Villareal,DM,R,72,176,68,69,71,70,73,78,71,44,,,544,,v10.20
Oriol,Romeu,825,Spain,Girona,DM,R,72,183,64,64,85,67,74,76,69,50,,,549,,v10.20
Orel,Mangala,825,Belgium,Nottingham Forest,DM,R,72,178,68,68,78,75,67,68,68,47,,,539,,v10.20
Stephen,Eustaquio,825,Canada,Porto,DM,R,72,177,63,64,80,67,69,72,72,64,,,551,,v10.20
Bryan,Gil,825,Spain,Sevilla,LM,L,72,175,75,75,68,75,59,48,74,64,,,538,,v10.20
Dwight,McNeil,825,England,Everton,LM,L,72,183,70,70,75,77,56,51,71,68,,,538,,v10.20
Yeremy,Pino,825,Spain,Villareal,RM,R,72,172,72,74,69,74,59,52,71,69,,,540,,v10.20
Krepin,Diatta,825,Senegal,Monaco,RM,R,72,175,85,87,59,72,54,40,65,64,,,526,,v10.20
Takefusa,Kubo,825,Japan,Real Sociedad,RM,L,72,173,74,81,71,75,53,44,69,69,,,536,,v10.20
Ryan,Fraser,825,Scotland,Newcastle,RM,R,72,163,76,77,67,73,58,53,69,62,,,535,,v10.20
Antonio,Candreva,825,Italy,Salernitana,RM,R,72,180,67,73,78,78,55,41,77,74,,,543,,v10.20
Jan,Bednarek,750,Poland,Southampton,CB,R,72,189,66,63,74,67,79,74,68,51,,,542,,v10.20
Axel,Disasi,750,France,Monaco,CB,R,72,190,64,62,75,66,82,75,69,52,,,545,,v10.20
Eric,Garcia,750,Spain,Barcelona,CB,R,72,182,68,66,72,71,72,74,77,42,,,542,17762,v10.20
Juan,Jesus,750,Brazil,Napoli,CB,L,72,185,73,73,69,65,67,76,67,53,,,543,,
Castello,Lukeba,750,France,Lyon,CB,L,72,184,71,68,68,67,73,72,72,48,,,539,,
Jerome,Boateng,750,Germany,Lyon,CB,R,72,192,62,62,71,69,81,76,69,53,,,543,,v10.20
German,Pezzella,750,Argentina,Real Betis,CB,R,72,187,62,61,69,71,80,73,74,49,,,539,,v10.20
Olivier,Boscagli,750,France,PSV,CB,L,72,181,68,70,63,67,74,68,68,56,,,534,,v10.20
Tiago,Djalo,750,Portugal,Lille,CB,R,72,190,76,75,68,65,73,74,67,39,,,537,,
Aissa,Mandi,750,Algeria,Villareal,CB,R,72,184,66,69,71,69,76,74,74,44,,,543,,v10.20
Lewis,Dunk,750,England,Brighton,CB,R,72,192,64,63,78,64,82,79,68,51,,,549,,
Luiz,Felipe,750,Italy,Real Betis,CB,R,72,187,70,70,75,68,70,76,64,49,,,542,,v10.20
,Marcao,750,Brazil,Sevilla,CB,L,72,185,62,64,74,70,80,74,67,51,,,542,,v10.20
Samuel,Umtiti,750,France,Lecce,CB,L,72,180,67,67,53,70,74,75,71,49,,,526,,
Aissa,Mandanda,750,Algeria,Villareal,CB,R,72,186,66,69,71,69,76,74,74,44,,,543,,
Craig,Dawson,750,England,Wolves,CB,R,72,188,62,61,70,66,82,78,67,54,,,540,,v10.20
Jason,Denayer,750,Belgium,Lyon,CB,R,72,184,70,66,69,68,78,71,70,49,,,541,,v10.20
Rayan,Ait Nouri,750,Algeria,Wolves,LB,L,72,180,75,74,69,72,65,74,67,40,,,536,,v10.20
Ricardo,Rodriguez,750,Switzerland,Torino,LB,L,72,180,66,65,72,67,72,71,72,61,,,546,,
Tyrick,Mitchell,750,England,Crystal Palace,LB,L,72,175,79,80,79,62,67,75,65,35,,,542,,v10.20
James,Justin,750,England,Leicester,LB,R,72,183,77,73,71,67,65,73,69,42,,,537,,v10.20
,Zaidu,750,Nigeria,Porto,LB,L,72,182,87,87,70,59,66,70,59,40,,,538,,
Sead,Kolasinac,750,Bosnia & Herzegovina,Marseille,LB,L,72,183,68,66,70,66,78,74,69,53,,,544,,v10.20
Alex,Balde,750,Spain,Barcelona,LB,L,72,175,81,82,69,70,56,66,72,37,,,533,,v10.20
Lutsharel,Geertruida,750,Netherlands,Feyenoord,RB,R,72,184,76,76,68,64,69,72,65,47,,,537,,
Tariq,Lamptey,750,Ghana,Brighton,RB,R,72,163,82,85,66,72,56,66,63,41,,,531,,v10.20
Youcef,Atal,750,Algeria,OGC Nice,RB,B,72,176,78,79,65,66,65,74,68,41,,,536,,v10.20
Jonny,Otto,750,Spain,Wolves,RB,B,72,175,72,72,73,68,73,70,69,38,,,535,,v10.20
Mattia,De Sciglio,750,Italy,Juventus,RB,R,72,181,74,72,62,73,65,77,69,41,,,533,,v10.20
Justin,Bijlow,670,Netherlands,Feyernoord,GK,R,72,188,53,55,,54,54,36,58,,69,70,449,,v10.20
Gabriel,Arias,670,Chile,,GK,R,72,188,44,43,,56,62,36,56,,68,69,434,,
Sergio,Rico,670,Spain,Paris SG,GK,R,72,195,61,61,,42,55,43,48,,68,70,448,,v10.20
Salvatore,Sirigu,670,Italy,Fiorentina,GK,R,72,192,56,54,,55,56,45,50,,67,70,453,,v10.20
Stefan,Ortega,670,Germany,Man City,GK,R,72,185,61,61,,59,52,46,63,,63,73,478,,v10.20
,Diego Costa,815,Spain,Wolves,CF,R,71,186,61,64,67,72,84,36,65,75,,,524,,v10.20
Wahbi,Khazri,815,Tunisia,Montpellier,CF,R,71,182,68,68,67,72,61,52,69,73,,,530,,
Mohamed,Bayo,815,Guinea,Lille,CF,R,71,188,70,71,69,71,70,32,69,73,,,525,,
Noah,Okafor,815,Switzerland,Salzbrug,CF,R,71,185,82,82,67,65,65,31,62,70,,,524,,
Armando,Broja,815,Albania,Chelsea,CF,R,71,191,74,72,66,69,75,35,61,71,,,523,,v10.20
Vitinha,,815,Portugal,Marseille,CF,R,71,178,72,72,69,73,68,32,68,68,,,522,,v10.20
Rasmus,Hojlund,815,Denmark,Atalanta,CF,L,71,191,80,75,67,64,73,38,62,71,,,530,,v10.20
Joshua,Zirkzee,815,Netherlands,Bologna,CF,R,71,193,69,67,68,70,72,41,69,71,,,527,,
Tino,Kadewere,815,Zimbabwe,Mallorca,CF,R,71,183,79,78,73,68,67,25,65,67,,,522,,v10.20
Arnaud,Kalimuendo,815,France,Rennes,CF,R,71,175,80,81,62,71,55,28,70,75,,,522,,
,Angel,815,Spain,Mallorca,CF,R,71,172,72,71,68,74,67,41,59,77,,,529,,v10.20
Folarin,Balogun,815,England,Reims,CF,R,71,178,75,77,69,69,63,32,68,75,,,528,,v10.20
Mateo,Retegui,815,Italy,,CF,R,71,186,71,68,68,69,79,32,64,76,,,527,,v10.20
Willian,Jose,815,Brazil,Real Betis,CF,R,71,186,67,64,64,71,82,28,68,76,,,520,,
Vincent,Aboubakar,815,Cameroon,,CF,R,71,184,71,69,68,72,69,34,65,75,,,523,,v10.20
Krzysztof,Piatek,815,Poland,Salernitana,CF,R,71,183,72,70,67,70,69,34,68,76,,,526,,v10.20
Jean-Pierre,Nsame,815,Cameroon,,CF,R,71,188,73,74,63,68,78,29,65,73,,,523,,v10.20
Che,Adams,815,Scotland,Southampton,CF,R,71,185,79,77,71,70,66,22,69,71,,,525,,v10.20
Stephan,El Shaarawy,815,Italy,Roma,LW,R,71,178,78,78,61,75,58,35,69,69,,,523,,v10.20
Franco,Cervi,815,Argentina,Celta Vigo,LW,L,71,165,86,87,53,67,56,46,60,60,,,515,,v10.20
Adam,Ounas,815,Algeria,Lille,RW,L,71,175,77,81,63,74,52,40,72,62,,,521,,
Daniel,Podence,815,Portugal,Wolves,RW,R,71,165,87,87,64,73,48,34,68,64,,,525,,v10.20
Bryan,Mbeumo,815,Cameroon,Brentford,RW,L,71,173,76,78,75,69,60,41,66,68,,,533,,
Brennan,Johnson,815,Wales,Nottingham Forest,SS,R,71,179,85,85,75,70,50,32,62,70,,,529,,v10.20
Davy,Klaassen,745,Netherlands,Ajax,AM,R,71,182,70,70,67,68,67,50,68,70,,,530,,
Harvey,Elliot,745,England,Liverpool,AM,L,71,170,74,80,68,74,59,34,71,69,,,529,,v10.20
Oscar,Rodriguez,745,Spain,Celta Vigo,AM,R,71,174,66,69,68,70,59,63,74,68,,,537,,
Fabio,Vieira,745,Portugal,Arsenal,AM,L,71,170,72,73,71,74,51,48,77,69,,,535,,
Kang-In,Lee,745,South Korea,Mallorca,AM,L,71,173,70,74,72,79,52,46,75,65,,,533,17099,v10.20
Brenden,Aaronson,745,USA,Leeds,AM,R,71,178,75,76,73,73,51,50,69,62,,,529,,v10.20
Davide,Frattesi,745,Italy,Sassuolo,CM,R,71,184,67,68,73,72,63,65,70,62,,,540,,
Giulio,Maggiore,745,Italy,Salernitana,CM,R,71,184,66,66,78,70,62,69,68,58,,,537,,v10.20
Yunus,Musah,745,USA,Valencia,CM,R,71,178,78,78,67,69,55,55,67,60,,,529,,v10.20
Pedro,Obiang,745,Equatorial Guinea,Sassuolo,CM,R,71,182,64,65,69,71,69,60,72,62,,,532,,
Kiernan,Dewsbury-Hall,745,England,Leicester,CM,L,71,178,66,68,75,71,63,65,72,59,,,539,,v10.20
Adam,Lallana,745,England,Brighton,CM,B,71,170,68,67,65,75,67,41,71,73,,,527,,
Pascal,Gross,745,Germany,Brighton,CM,R,71,181,59,59,69,70,70,63,75,71,,,536,,
Yangel,Herrera,745,Venezuela,Girona,CM,R,71,184,67,67,66,69,68,55,72,68,,,532,,v10.20
Marco,Benassi,745,Italy,Cremonese ,CM,R,71,184,73,72,65,71,65,55,62,67,,,530,,v10.20
Erick,Gutierrez,745,Mexico,PSV,CM,L,71,176,78,77,57,70,57,50,68,63,,,520,,v10.20
Rade,Krunic,745,Bosnia & Herzegovina,AC Milan,CM,R,71,184,67,68,68,69,68,59,70,62,,,531,,v10.20
Tiemoue,Bakayoko,745,France,AC Milan,DM,R,71,189,63,61,72,68,78,72,74,51,,,539,,v10.20
Jefferson,Lerma ,745,Colombia,Bournemouth,DM,R,71,179,66,64,77,65,73,70,68,56,,,539,,v10.20
Leander,Dendoncker,745,Belgium,Aston Villa,DM,R,71,188,72,70,66,71,66,58,67,56,,,526,,v10.20
Oliver,Skipp,745,England,Tottenham,DM,R,71,175,70,68,70,70,63,64,68,54,,,527,,v10.20
Mohamed,Elneny,745,Egypt,Arsenal,DM,R,71,179,61,60,70,72,70,64,71,63,,,531,,
Boubakary,Soumare,745,France,Leicester,DM,R,71,188,65,62,68,69,78,73,72,40,,,527,,v10.20
Diego,Demme,745,Germany,Napoli,DM,R,71,170,63,61,80,70,68,70,70,60,,,542,,
Marshall,Munetsi,745,Zimbabwe,Reims,DM,R,71,188,61,66,70,68,74,71,69,53,,,532,,v10.20
Rolando,Mandragora,745,Italy,Fiorentina,DM,L,71,183,64,64,72,68,70,67,73,63,,,541,,v10.20
Florian,Grillitsch,745,Austria,,DM,R,71,187,64,71,70,73,66,59,69,55,,,527,,v10.20
Mikkel,Damsgaard,745,Denmark,Brentford,LM,R,71,180,76,83,63,70,53,48,67,65,,,525,,v10.20
Theo,Bongonda,745,DR Congo,Cadiz,LM,R,71,177,80,77,59,74,59,30,64,70,,,513,,v10.20
Toni,Villa,745,Spain,Girona,LM,R,71,172,77,76,59,72,59,46,64,66,,,519,,v10.20
,Tete,745,Brazil,Leicester,RM,L,71,175,76,75,74,74,64,34,66,57,,,520,,v10.20
Solly,March,745,England,Brighton,RM,L,71,180,71,71,73,70,61,52,73,63,,,534,,
Andros,Townsend,745,England,Everton,RM,L,71,181,76,78,61,73,59,41,68,63,,,519,,v10.20
Ezri,Konsa,680,England,Aston Villa,CB,R,71,183,68,68,79,65,76,72,61,46,,,535,,
Mamadou,Sakho,680,France,Montpellier,CB,L,71,187,67,66,73,67,79,77,69,36,,,534,,
Leonardo,Balerdi,680,Argentina,Marseille,CB,R,71,187,71,66,70,67,75,73,66,40,,,528,,v10.20
Romain,Saiss,680,Morocco,,CB,L,71,190,67,65,70,68,75,73,68,48,,,534,,v10.20
Paulo,Diaz,680,Chile,,CB,R,71,178,72,72,75,65,70,74,66,37,,,531,,
Ben,Mee,680,England,Brentford,CB,L,71,182,65,63,70,63,83,75,63,52,,,534,,
Ethan,Pinnock,680,Jamaica,Brentford,CB,L,71,187,67,61,72,66,82,74,67,45,,,534,,
Wout,Faes,680,Belgium,Leicester,CB,R,71,187,65,63,73,67,76,78,69,42,,,533,,v10.20
Diego,Godin,680,Uruguay,,CB,R,71,185,60,57,70,70,77,74,71,53,,,532,,
Santiago,Bueno,680,Uruguay,Girona,CB,R,71,192,65,63,74,63,78,79,70,46,,,538,,v10.20
Cesar,Montes,680,Mexico,Espanyol,CB,R,71,195,68,66,70,64,76,73,70,48,,,535,,v10.20
Joel,Veltman,680,Netherlands,Brighton,CB,R,71,184,68,69,70,71,70,73,64,40,,,525,,
Karim,Rekik,680,Netherlands,Sevilla,CB,L,71,186,74,74,67,65,68,77,61,44,,,530,,
Jean-Clair,Todibo,680,France,OGC Nice,CB,R,71,190,66,69,69,69,72,68,66,53,,,532,,
Yunis,Abdelhamid,680,France,Reims,CB,L,71,190,62,60,66,67,79,76,67,57,,,534,,v10.20
Dakonam,Djene,680,Togo,Getafe,CB,R,71,178,72,71,75,61,78,78,60,43,,,538,,v10.20
Edgar,Gonzalez,680,Spain,Real Betis,CB,R,71,193,63,61,71,69,79,75,73,42,,,533,,v10.20
Japhet,Tanganga,680,England,Tottenham,CB,R,71,184,70,71,65,63,79,73,65,39,,,525,,v10.20
Sebastiaan,Bornauw,680,Belgium,Belgium,CB,R,71,191,69,68,70,62,77,74,68,51,,,539,,v10.20
Mauro,Junior,680,Brazil,PSV,LB,L,71,171,68,69,70,69,60,55,73,68,,,532,,v10.20
,Henrique,680,Brazil,Lyon,LB,L,71,173,71,67,70,66,75,71,65,42,,,527,,
Rico,Henry,680,England,Brentford,LB,L,71,170,82,84,73,63,60,69,62,39,,,532,,
Alfonso,Pedraza,680,Spain,Villareal,LB,L,71,184,76,74,71,65,63,62,70,54,,,535,,v10.20
Patrick ,Van Aanholt,680,Netherlands,PSV,LB,L,71,176,77,78,65,66,61,66,62,50,,,525,,v10.20
Jaume,Costa,680,Spain,Mallorca,LB,L,71,171,68,68,74,64,73,73,69,48,,,537,,v10.20
Matt,Targett,680,England,Newcastle,LB,L,71,183,71,69,77,65,71,73,70,43,,,539,,v10.20
,Cedric,680,Portugal,Arsenal,RB,R,71,171,70,70,71,68,69,78,69,36,,,531,10767,
Falaye,Sacko,680,Mali,Montpellier,RB,R,71,179,85,84,66,69,62,71,55,30,,,522,,
Daniel,Munoz,680,Colombia,,RB,R,71,181,74,74,72,67,63,67,69,46,,,532,,v10.20
Ruben,Aguilar,680,France,Monaco,RB,R,71,172,78,76,62,70,62,65,69,39,,,521,,
Jordan,Lotomba,680,Switzerland,Nice,CB,R,71,177,73,74,71,70,61,70,69,41,,,529,,v10.20
Malo,Gusto,680,France,Lyon,RB,R,71,179,78,79,69,69,61,65,71,40,,,532,,v10.20
Martin,Montoya,680,Spain,Real Betis,RB,R,71,175,79,81,58,67,58,69,71,42,,,525,,v10.20
Kyle,Walker-Peters,680,England,Southampton,RB,R,71,173,74,74,65,69,64,63,71,52,,,532,,v10.20
Devyne,Rensch,680,Netherlands,Ajax,RB,B,71,179,74,76,69,64,66,70,67,46,,,532,,v10.20
Steve,Mandanda,605,France,Rennes,GK,R,71,186,59,61,,62,59,57,58,,66,68,490,,
Remko,Pasveer,605,Netherlands,Ajax,GK,R,71,187,55,49,,57,52,43,58,,69,67,450,,v10.20
Franco,Armani,605,Argentina,,GK,R,71,189,48,51,,50,55,50,52,,68,68,442,,
Joel,Drommel,605,Netherlands,PSV,GK,R,71,192,70,64,,59,55,32,50,,67,68,465,,v10.20
Florin,Nita,605,Romania,,GK,R,71,184,55,56,,53,36,43,45,,68,68,424,,v10.20
Ivo,Grbic,605,Croatia,Atletico Madrid,GK,R,71,195,59,60,,54,61,40,53,,67,68,462,,v10.20
Ciprian,Tatarasanu,605,Romania,AC Milan,GK,R,71,198,55,56,,53,61,45,59,,67,69,465,,v10.20
Radamel ,Falcao ,735,Colombia,Rayo Vallecano,CF,R,70,177,60,63,62,73,78,34,69,78,,,517,,v10.20
Adam,Armstrong,735,England,Southampton,CF,R,70,172,82,83,67,69,57,33,63,68,,,522,,v10.20
Jordan,Ayew,735,Ghana,Crystal Palace,CF,R,70,182,78,79,56,70,56,42,53,74,,,508,,
Joshua,King,735,Norway,,CF,R,70,182,77,78,65,70,70,20,66,70,,,516,,
Joao,Pedro,735,Brazil,Watford,CF,R,70,182,75,76,70,70,65,34,64,67,,,521,,
Shon,Weissman,735,Israel,Granada,CF,R,70,174,74,73,72,68,62,41,64,71,,,525,,
Miguel,Borja,735,Colombia,,CF,R,70,183,74,77,68,66,78,21,57,72,,,513,,
Vedat,Muriqi,735,Kosovo,Mallorca,CF,L,70,194,61,57,71,70,88,34,64,74,,,519,,v10.20
Roger,Marti,735,Spain,Elche,CF,R,70,179,74,73,65,68,65,34,70,67,,,516,,
Kike,Garcia,735,Spain,Osasuna,CF,R,70,186,72,70,66,70,64,37,66,73,,,518,,
Manolo,Gabbiadini,735,Italy,Sampdoria,CF,L,70,186,76,75,63,70,69,30,66,75,,,524,,v10.20
Adam,Hlozek,735,Czech Republic,,CF,R,70,188,72,70,64,67,76,35,67,68,,,519,,
Pere,Milla,735,Spain,Elche,CF,L,70,180,70,70,71,69,69,42,64,73,,,528,,
Burak,Yilmaz,735,Turkey,,CF,R,70,188,67,65,70,69,76,31,68,73,,,519,,v10.20
Michael,Gregoritsch,735,Austria,,CF,L,70,193,63,60,70,67,84,40,60,71,,,515,,
,Danilo,735,Brazil,Feyenoord,CF,R,70,174,71,73,71,69,62,28,72,73,,,519,,
Carlos,Vinicius,735,Brazil,Fulham,CF,L,70,190,69,67,68,69,73,38,66,73,,,523,,v10.20
Adam,Buksa,735,Poland,Lens,CF,L,70,193,67,65,68,68,79,37,65,69,,,518,,v10.20
Ryan,Kent,735,England,Rangers,LW,R,70,183,78,80,64,72,56,38,69,63,,,520,,
Oscar,Plano,735,Spain,Valladolid,LW,B,70,178,77,79,63,66,65,42,65,60,,,517,,v10.20
Armand,Lauriente,735,France,Sassuolo,LW,R,70,177,74,76,68,73,53,35,72,68,,,519,,
Alex,Baena,735,Spain,Villareal,LW,R,70,174,72,74,69,71,54,42,70,67,,,519,,v10.20
Mohamed,Elyounoussi,735,Norway,Southampton,LW,R,70,178,74,75,65,67,65,47,63,63,,,519,,v10.20
Anwar,El Ghazi,735,Netherlands,PSV,RW,R,70,189,70,69,59,74,67,38,69,70,,,516,,v10.20
Diego,Valoyes ,735,Colombia,,RW,R,70,181,80,80,61,71,64,31,62,65,,,514,,v10.20
Jeremy,Doku,735,Belgium,Rennes,RW,R,70,173,86,86,67,69,52,26,63,71,,,520,,v10.20
Wilfried,Gnonto,735,Italy,Leeds,SS,R,70,170,81,82,63,70,56,36,64,65,,,517,,v10.20
Thiago,Almada,670,Argentina,,AM,R,70,171,71,79,68,74,49,48,73,65,,,527,,v10.20
Filip,Duricic,670,Serbia,Sampdoria,AM,R,70,181,68,71,54,76,55,54,68,62,,,508,,
Azzedine,Ounahi,670,Morocco,Marseille,AM,R,70,182,68,70,70,73,57,61,74,54,,,527,,v10.20
Yacine,Adli,670,France,AC Milan,CM,R,70,186,73,72,68,70,53,54,71,61,,,522,,v10.20
Morgan,Sanson,670,France,Strasbourg,CM,R,70,180,68,70,56,70,62,66,66,63,,,521,,v10.20
Joseph Alfred,Duncan,670,Ghana,Fiorentina,CM,L,70,178,72,71,73,64,67,55,60,70,,,532,,
Baptiste,Santamaria,670,France,Rennes,CM,R,70,176,70,67,70,68,66,55,66,60,,,522,,
Stuart,Armstrong,670,Scotland,Southampton,CM,R,70,183,69,70,71,71,58,59,69,61,,,528,,v10.20
Cheick,Doucoure,670,Mali,Crystal Palace,CM,R,70,180,68,68,76,65,65,72,72,47,,,533,,
Edu,Exposito,670,Spain,Espanyol,CM,R,70,178,63,63,71,68,63,67,70,60,,,525,,v10.20
Nico,Gonzalez,670,Spain,Barcelona,CM,R,70,188,68,70,67,73,60,64,69,56,,,527,,
David,Turnbull,670,Scotland,Celtic,CM,B,70,185,67,67,73,66,61,61,68,68,,,531,,
Sander,Berge,670,Norway,Sheffield,CM,R,70,193,63,61,76,69,75,67,70,54,,,535,,
Mathias,Jensen,670,Denmark,Brentford,CM,R,70,173,66,68,72,68,61,61,72,59,,,527,,
Jacob,Ramsey,670,England,Aston Villa,CM,R,70,180,70,72,69,70,58,55,66,67,,,527,,
Nicolo,Fagioli,670,Italy,Juventus,CM,R,70,178,67,71,67,69,53,61,74,59,,,521,,v10.20
Ivan,Ilic,670,Serbia,Torino,CM,L,70,185,65,65,69,69,69,67,71,55,,,530,,v10.20
Sean,Longstaff,670,England,Newcastle,CM,R,70,180,62,62,67,69,63,65,71,63,,,522,,v10.20
Jordan,Ferri,670,France,Montpellier,DM,R,70,172,75,75,63,64,59,65,61,63,,,525,,
Nampalys,Mendy,670,Senegal,Leicester,DM,R,70,167,69,69,72,63,73,71,65,48,,,530,,v10.20
Marvelous,Nakamba,670,Zimbabwe,Aston Villa,DM,L,70,177,66,69,72,65,67,74,68,46,,,527,,
Hidemasa,Morita,670,Japan,Sporting CP,DM,R,70,177,66,67,69,66,65,69,72,59,,,533,,v10.20
Marc,Roca,670,Spain,Leeds,DM,L,70,184,63,64,66,70,62,74,72,52,,,523,,v10.20
,Al Musrati,670,Libya,Braga,DM,R,70,185,60,61,73,64,78,69,71,50,,,526,,
Sofyan,Amrabat,670,Morocco,Fiorentina,DM,R,70,175,64,66,71,68,69,71,72,52,,,533,,
Amadou,Onana,670,Belgium,Everton,DM,R,70,192,69,65,74,65,73,78,66,42,,,532,,v10.20
Moussa,Djenepo,670,Mali,Southampton,LM,R,70,177,76,80,68,70,58,46,64,63,,,525,,v10.20
Nico,Williams,670,Spain,Athletic Bilbao,RM,R,70,181,84,87,61,72,63,26,62,54,,,509,,
Ainsley,Maitland-Niles,670,England,Southampton,RM,R,70,177,78,76,64,66,65,65,66,43,,,523,,v10.20
Christian,Fassnacht,670,Switzerland,,RM,R,70,185,76,74,67,67,72,32,60,69,,,517,,
Javi,Ontiveros,670,Spain,Villareal,RM,R,70,175,72,69,68,67,61,56,66,63,,,522,,v10.20
Fran,Garcia,610,Spain,Vallecano,CB,L,70,169,77,80,75,63,59,71,67,41,,,533,,
Odilon,Kossounou,610,Ivory Coast,,CB,R,70,191,77,72,69,62,75,70,68,36,,,529,,
Chris,Richards,610,USA,Crystal Palace,CB,R,70,188,76,72,65,63,75,72,69,32,,,524,,
Diego,Llorente,610,Spain,Leeds,CB,R,70,186,75,76,70,54,76,74,59,42,,,526,,
Andre,Ramalho,610,Brazil,PSV,CB,B,70,182,72,73,71,74,69,59,64,44,,,526,,v10.20
Jhon ,Lucumi,610,Colombia,Bologna,CB,L,70,187,69,69,68,65,75,71,68,38,,,523,,v10.20
Victor,Ruiz,610,Spain,Real Betis,CB,L,70,184,63,61,66,66,76,76,69,38,,,515,,v10.20
Nicolas,Pallois,610,France,Nantes,CB,L,70,190,69,67,72,59,81,74,58,45,,,525,,
Mason,Holgate,610,England,Everton,CB,R,70,184,68,70,72,64,74,74,62,44,,,528,,
David,Hancko,610,Slovakia,Feyenoord,CB,L,70,188,67,65,70,63,74,71,65,48,,,523,,
David,Lopez,610,Spain,Girona,CB,R,70,185,55,57,68,69,79,72,64,59,,,523,,v10.20
Danilo,D'Ambrosio,610,Italy,Inter Milan,CB,R,70,185,66,65,73,64,73,73,67,44,,,525,,
,Morato,610,Brazil,Benfica,CB,L,70,190,65,66,72,62,80,74,70,36,,,525,,
Rob,Holding,610,England,Arsenal,CB,R,70,189,65,65,67,65,75,74,71,47,,,529,,
Arthur,Theate,610,Belgium,Bologna,CB,L,70,185,64,61,67,68,71,69,62,57,,,519,,v10.20
Michael,Keane,610,England,Everton,CB,R,70,186,63,66,71,66,73,72,67,54,,,532,,
Willy,Boly,610,Ivory Coast,Nottingham Forest,CB,R,70,191,62,61,65,64,83,76,66,49,,,526,,
Rodrigo,Becao,610,Brazil,Udinese,CB,R,70,191,61,59,73,64,74,80,65,51,,,527,,
Pablo,Mari,610,Spain,Monza,CB,L,70,191,59,59,78,63,77,72,73,53,,,534,,
Kristoffer,Ajer,610,Norway,Brentford,CB,R,70,196,65,61,69,65,79,70,65,48,,,522,,
Jonny,Evans,610,North. Ireland,Leicester,CB,B,70,189,57,58,69,66,81,75,65,51,,,522,,v10.20
Martin,Caceres,610,Uruguay,,CB,R,70,182,65,67,71,63,74,75,61,52,,,528,,
Adam,Webster,610,England,Brighton,CB,R,70,191,66,64,67,65,78,74,68,45,,,527,,
,Marlon,610,Brazil,Monza,CB,R,70,182,65,64,73,65,77,72,71,45,,,532,,
Ahmed,Hegazi,610,Egypt,,CB,R,70,193,77,73,70,62,70,65,59,43,,,519,,v10.20
Perr,Schuurs,610,Netherlands,Torino,CB,R,70,191,61,66,78,67,74,71,69,41,,,527,,v10.20
Jesus,Vallejo,610,Spain,Real Madrid,CB,R,70,184,69,65,68,67,73,74,66,40,,,522,,v10.20
Max,Kilman,610,England,Wolves,CB,L,70,194,60,59,71,69,80,72,70,41,,,522,,v10.20
Nathan,Collins,610,Ireland,Wolves,CB,R,70,193,65,63,70,64,79,70,69,47,,,527,,v10.20
Armel,Bella-Kotchap,610,Germany,Southampton,CB,R,70,190,77,70,68,62,79,71,64,33,,,524,,v10.20
,Ismaily,610,Brazil,Lille,LB,L,70,178,76,80,59,64,59,81,58,40,,,517,,
Jordan,Amavi,610,France,Getafe,LB,L,70,180,73,74,66,68,66,66,67,42,,,522,,
Ashley,Young,610,England,Aston Villa,LB,B,70,176,67,68,65,68,64,66,66,61,,,525,,
Ludwig,Augustinsson,610,Sweden,Mallorca,LB,L,70,181,70,66,80,71,69,72,68,31,,,527,,v10.20
Ryan,Bertrand,610,England,Leicester,LB,L,70,182,76,75,72,64,63,64,64,50,,,528,,
Luca,Pellegrini,610,Italy,,LB,L,70,178,71,73,73,63,67,69,68,46,,,530,,
Aleix,Vidal,610,Spain,Espanyol,RB,R,70,176,79,80,64,62,66,61,61,47,,,520,,
Oscar,Gil,610,Spain,Espanyol,RB,B,70,173,75,77,73,65,61,71,66,41,,,529,,v10.20
Stefan,Medina,610,Colombia,,RB,R,70,179,69,70,68,65,68,69,65,53,,,527,,v10.20
Sergio,Rochet,545,Uruguay,,GK,R,70,190,70,67,,43,57,38,38,,68,65,446,,
Jack,Butland,545,England,Man United,GK,R,70,196,65,65,,51,57,46,59,,68,65,476,,v10.20
Paul,Bernardoni,545,France,Angers,GK,L,70,190,62,61,,47,49,35,49,,67,66,436,,
Marco,Sportiello,545,Italy,Atalanta,GK,R,70,185,62,63,,53,43,37,45,,65,68,436,,
Luis,Maximiano,545,Portugal,Lazio,GK,B,70,190,60,59,,54,55,39,47,,65,68,447,,v10.20
Predrag,Rajkovic,545,Serbia,Mallorca,GK,R,70,191,47,48,,42,51,38,48,,66,69,409,,v10.20
Pepe,Reina,545,Spain,Villareal,GK,R,70,188,51,52,,55,64,48,61,,68,66,465,,v10.20
Yvon,Mvogo,545,Switzerland,Lorient,GK,R,70,189,60,61,,56,64,54,55,,66,67,483,,
Joe,Hart,545,England,Celtic,GK,R,70,195,58,53,,43,66,59,47,,68,66,460,,
Robin,Olsen,545,Sweden,Aston Villa,GK,R,70,198,55,52,,40,68,38,41,,68,67,429,,
Camilo,Vargas,545,Colombia,,GK,L,70,185,58,60,,54,49,41,53,,66,67,448,,v10.20
Jordi,Masip,545,Spain,Valladolid,GK,R,70,180,54,52,,51,52,35,53,,67,67,431,,
Sergio,Herrera,545,Spain,Osasuna,GK,R,70,192,52,56,,51,59,38,57,,67,68,448,,v10.20
Paulo,Gazzaniga,545,Argentina,Girona,GK,R,70,196,62,59,,51,61,46,55,,66,68,468,,v10.20
Yoane,Wissa,DR Congo,CF,R,69,180,81,81,63,68,61,26,63,69,,,512,,
Hugo,Ekitike,France,CF,R,69,189,73,71,66,67,69,31,65,71,,,513,,v10.20
Steve,Mounie,Benin,CF,R,69,190,67,67,68,65,82,35,65,71,,,520,,
Ante,Budimir,Croatia,CF,L,69,189,63,61,66,68,80,34,60,72,,,504,,
Myron,Boadu,Netherlands,CF,R,69,183,81,84,57,66,59,31,63,71,,,512,,
Danny,Welbeck,England,CF,R,69,185,72,70,66,67,70,40,64,68,,,517,,
Deniz,Undav,Germany,CF,R,69,178,65,67,71,68,72,35,69,71,,,518,,
Andreas,Cornelius,Denmark,CF,L,69,193,66,62,56,70,80,39,58,71,,,502,,v10.20
Marko,Livaja,Croatia,CF,R,69,182,75,76,65,65,65,23,64,72,,,505,,v10.20
Steven,Zuber,Switzerland,LW,R,69,182,74,73,59,70,60,48,72,44,,,500,,
Anthony,Elanga,Sweden,LW,R,69,178,77,79,63,68,52,50,59,59,,,507,,v10.20
Alejandro,Garnacho,Argentina,LW,R,69,180,80,81,57,73,52,26,67,63,,,499,,v10.20
Harry,Wilson,Wales,RW,L,69,173,72,76,71,70,51,31,74,73,,,518,,
Adel,Taarabt,Morocco,AM,R,69,182,66,66,67,75,55,54,69,64,,,516,,
Fabio,Carvalho,England,AM,R,69,170,73,75,64,71,44,51,67,67,,,512,,v10.20
,Reinier,Brazil,AM,R,69,185,67,70,66,71,65,39,67,63,,,508,,
Joe,Aribo,Nigeria,AM,L,69,183,69,69,68,68,59,58,60,66,,,517,,v10.20
Will,Hughes,England,CM,L,69,185,63,70,62,68,62,63,72,57,,,517,,
Dennis,Praet,Belgium,CM,R,69,181,67,69,69,66,59,50,69,64,,,513,,v10.20
Luka,Sucic,Croatia,CM,L,69,185,72,68,67,65,65,56,66,62,,,521,,v10.20
Billy,Gilmour,Scotland,CM,R,69,170,69,72,79,73,49,68,70,40,,,520,,
Pape,Gueye,France,DM,L,69,189,64,66,71,64,70,70,64,47,,,516,,
Mathias,Normann,Norway,DM,R,69,179,69,71,64,64,60,64,67,55,,,514,,v10.20
Pedro,Chirivella,Spain,DM,R,69,178,67,66,76,70,56,63,73,56,,,527,,v10.20
Stephy,Mavididi,England,LM,R,69,182,80,81,69,68,57,19,64,73,,,511,,v10.20
Pontus,Jansson,Sweden,CB,R,69,194,63,61,83,61,82,71,60,50,,,531,,
Calum,Chambers,England,CB,R,69,182,76,73,64,66,66,63,58,38,,,504,,
Charlie,Taylor,England,CB,L,69,183,65,65,69,65,72,71,65,49,,,521,,
Loic,Bade,France,CB,R,69,191,71,71,68,61,80,63,60,42,,,516,,v10.20
Luis,Neto,Portugal,CB,R,69,186,64,66,69,64,69,76,64,43,,,515,,
Harry,Souttar,Australia,CB,R,69,198,61,59,54,63,89,74,69,39,,,508,,v10.20
Leandro,Cabrera,Uruguay,CB,L,69,190,68,72,80,61,70,70,60,48,,,529,,v10.20
Jannik,Vestergaard,Denmark,CB,B,69,199,61,57,58,65,81,73,70,48,,,513,,v10.20
Vitaliy,Mykolenko,Ukraine,LB,L,69,180,76,78,79,61,60,67,67,41,,,529,,v10.20
Matthew,Lowton,England,RB,R,69,182,71,72,65,66,65,73,60,44,,,516,,
Valentino,Livramento,England,RB,R,69,173,75,76,65,64,58,62,62,47,,,509,,
Bartosz,Bereszynski,Poland,RB,R,69,182,80,77,63,60,64,64,59,42,,,509,,
Max,Aarons,England,RB,R,69,178,76,77,81,65,60,69,65,35,,,528,,
Stefan,Lainer,Austria,RB,R,69,175,71,73,79,65,61,71,65,43,,,528,,v10.20
Jindrich,Stanek,Czech Republic,GK,R,69,192,46,44,,54,59,39,52,,64,67,425,,
Ben,Brereton Diaz,Chile,CF,R,68,183,75,77,67,60,69,24,65,70,,,507,,
Timothy,Weah,USA,CF,R,68,185,78,77,64,66,59,23,63,66,,,496,,
Umar,Sadiq,Nigeria,CF,R,68,192,72,70,62,65,69,30,61,70,,,499,,v10.20
Sergi,Guardiola,Spain,CF,L,68,184,70,73,78,68,60,32,68,67,,,516,,v10.20
,Kenedy,Brazil,LW,L,68,182,78,80,70,58,56,49,59,59,,,509,,v10.20
Arber,Zeneli,Kosovo,LW,R,68,176,83,84,67,61,54,42,66,52,,,509,,
Angel,Gomes,England,AM,R,68,168,72,70,67,65,53,55,64,61,,,507,,
John,Swift,England,AM,R,68,183,69,70,61,68,55,46,68,68,,,505,,v10.20
Zakaria,Labyad,Morocco,AM,B,68,171,73,73,66,68,57,36,70,66,,,509,,v10.20
Mohamed,Ihattaren,Netherlands,AM,L,68,183,72,68,63,65,50,64,68,62,,,512,,v10.20
Frank,Onyeka,Nigeria,CM,R,68,183,76,74,59,62,63,58,64,55,,,511,,
Aster,Vranckx,Belgium,CM,R,68,183,67,67,65,66,67,68,66,42,,,508,,v10.20
Charles Mariano,Aranguiz,Chile,CM,R,68,182,72,74,54,67,54,52,62,60,,,495,,
Jonas,Martin,France,CM,R,68,182,79,81,46,66,50,52,67,59,,,500,,
Jakub,Moder,Poland,CM,R,68,190,70,67,66,65,58,59,70,55,,,510,,
Vitaly,Janelt,Germany,DM,L,68,184,65,67,78,65,66,53,62,53,,,509,,
Hamza,Choudhury,England,DM,R,68,185,71,70,72,62,70,65,62,40,,,512,,v10.20
Ruben,Vargas,Switzerland,LM,R,68,179,81,81,67,59,66,26,67,60,,,507,,
,Zanka,Denmark,CB,R,68,183,68,70,69,63,70,70,53,39,,,502,,
Malick,Thiaw,Germany,CB,R,68,194,69,66,63,63,70,73,65,44,,,513,,v10.20
William,Troost-Ekong,Nigeria,CB,R,68,191,67,64,67,62,72,67,63,46,,,508,,
Gianmarco,Ferrari,Italy,CB,R,68,189,64,68,71,54,75,75,61,47,,,515,,
Malang,Sarr,France,CB,R,68,182,64,66,72,61,74,69,62,41,,,509,,
Daniel,Amartey,Ghana,CB,R,68,183,67,70,74,48,76,74,68,43,,,520,,
Jakub,Kiwior,Poland,CB,L,68,189,64,59,76,59,74,68,66,49,,,515,,
Leo,Ostigard,Norway,CB,R,68,185,66,66,64,60,78,68,66,35,,,503,,
Federico,Fazio,Argentina,CB,R,68,195,55,54,59,66,82,73,65,48,,,502,,v10.20
David,Zima,Czech Republic,CB,R,68,190,61,62,67,62,70,68,61,62,,,513,,v10.20
Phil,Jones,England,CB,R,68,185,62,61,53,63,77,73,68,46,,,503,,v10.20
Ridvan,Yilmaz,Turkey,LB,L,68,174,79,80,75,64,58,65,65,24,,,510,,
Luke,Thomas,England,LB,L,68,181,70,70,71,65,63,68,59,41,,,507,,
Melvin,Bard,France,LB,L,68,173,68,72,73,65,59,69,63,43,,,512,,
Brandon,Williams,England,LB,R,68,171,72,69,69,59,64,68,64,49,,,514,,v10.20
Adam,Marusic,Montenegro,LB,R,68,185,70,70,59,66,59,60,66,52,,,502,,v10.20
Marcus,Bettinelli,England,GK,R,68,193,53,53,,40,50,34,43,,61,70,404,,v10.20
Daniel,Ward,Wales,GK,R,68,186,54,56,,45,50,35,53,,62,68,423,,
Matt,Turner,USA,GK,R,68,191,53,51,,55,60,41,54,,63,65,442,,
,Adrian,Spain,GK,R,68,190,60,61,,53,51,40,55,,65,65,450,,v10.20
Caoimhin,Kelleher,Ireland,GK,R,68,188,60,61,,53,53,40,54,,64,67,452,,v10.20
Tom,Heaton,England,GK,R,68,188,49,48,,46,46,47,45,,62,67,410,,v10.20
Andriy,Lunin,Ukraine,GK,R,68,191,43,45,,51,59,38,51,,62,69,418,,v10.20
Daizen,Maeda,Japan,LW,R,68,173,83,86,68,65,52,28,57,68,,,507,,v10.20
Silvan,Widmer,Switzerland,RB,R,68,182,74,71,60,62,60,71,59,54,,,511,,
Thomas,Foket,Belgium,RB,R,68,177,71,72,61,64,61,67,65,40,,,501,,
Javier,Manquillo,Spain,RB,R,68,178,65,70,66,65,67,72,62,35,,,502,,v10.20
Ola,Aina,Nigeria,RB,R,68,184,73,73,60,66,60,66,66,37,,,501,,v10.20
Rayan,Cherki,France,RM,B,68,176,68,71,58,80,56,35,70,60,,,498,,
Reiss,Nelson,England,RW,R,68,175,79,77,66,68,53,31,66,65,,,505,,
Christian,Bassogog,Cameroon,RW,L,68,173,82,82,68,69,52,26,58,63,,,500,,v10.20
Johan,Bakayoko,Belgium,RW,L,68,179,74,80,62,70,60,28,66,63,,,503,,v10.20
Rabbi,Matondo,Wales,RW,R,68,175,84,86,61,66,52,26,62,61,,,498,,v10.20
Julio,Enciso,Paraguay,SS,R,68,173,77,79,69,73,47,23,67,69,,,504,,v10.20
Benik,Afobe,DR Congo,CF,R,67,183,76,77,63,64,63,26,62,66,,,497,,
Sam,Lammers,Netherlands,CF,B,67,191,71,69,66,62,70,33,61,67,,,499,,v10.20
Wilfired,Kanga,Ivory Coast,CF,R,67,189,71,68,61,62,81,27,59,66,,,495,,v10.20
David Datro,Fofana,Ivory Coast,CF,R,67,182,80,78,61,53,72,32,52,66,,,494,,v10.20
Ilias,Chair,Morocco,AM,R,67,171,72,74,68,69,49,37,69,63,,,501,,v10.20
Michael,Cuisance,France,CM,L,67,181,65,69,58,68,58,60,70,56,,,504,,v10.20
Josh,Dasilva,England,CM,L,67,181,69,67,59,67,59,45,67,59,,,492,,
Matty,Longstaff,England,CM,R,67,171,64,64,66,66,52,57,67,66,,,502,,
Celso,Borges,Costa Rica,CM,R,67,185,59,60,64,66,69,57,67,65,,,507,,v10.20
Joao,Gomes,Brazil,CM,R,67,176,67,69,66,66,54,68,69,47,,,506,,v10.20
Maximo,Perrone,Argentina,DM,L,67,177,65,66,64,63,61,65,68,56,,,508,,v10.20
Bafode,Diakite,France,CB,R,67,185,64,62,63,64,72,71,61,40,,,497,,
Levi,Colwill,England,CB,L,67,187,67,65,61,62,75,68,65,40,,,503,,v10.20
Tanguy,Nianzou,France,CB,R,67,191,64,62,69,60,72,70,62,42,,,501,,
Ethan,Ampadu,Wales,CB,R,67,182,61,61,62,65,71,73,66,39,,,498,,v10.20
Ismail,Jakobs,Senegal,LB,L,67,183,78,80,71,61,54,58,64,43,,,509,,
Loris,Karius,Germany,GK,R,67,189,60,61,,44,52,38,44,,63,65,427,,v10.20
Lucas,Chevalier,France,GK,R,67,189,46,45,,52,61,39,54,,63,64,424,,
Benoit,Costil,France,GK,R,67,186,62,60,,41,55,39,52,,65,62,436,,
Thomas,Kaminski,Belgium,GK,R,67,190,58,52,,49,52,41,46,,61,65,424,,v10.20
Mohamed,Daramy,Denmark,LW,R,67,180,80,79,65,67,59,27,59,60,,,496,,v10.20
Mads,Roerslev,Denmark,RB,R,67,184,66,66,66,64,66,69,65,37,,,499,,
Timothee,Pembele,France,RB,R,67,183,75,76,67,59,60,60,55,51,,,503,,v10.20
Yan,Valery,Tunisia,RB,R,67,180,69,66,65,60,67,69,60,51,,,507,,
Diego,Lainez,Mexico,RM,L,67,167,74,78,54,72,48,46,63,60,,,495,,
Facundo,Pellistri,Uruguay,RW,R,67,174,80,82,63,73,44,26,65,60,,,493,,v10.20
Ola,Solbakken,Norway,RW,L,67,186,80,82,73,61,61,26,58,57,,,498,,v10.20
Andy,Carroll,England,CF,L,66,193,59,57,60,65,85,40,56,68,,,490,,
Ricardo,Pepi,USA,CF,R,66,185,73,71,64,62,69,25,61,67,,,492,,
Lorenzo,Lucca,Italy,CF,R,66,201,68,62,63,61,84,30,54,63,,,485,,v10.20
Kaio,Jorge,Brazil,CF,R,66,182,71,71,70,65,61,16,66,69,,,489,,v10.20
Ado,Onaiwu,Japan,CF,R,66,180,75,72,61,61,68,29,60,65,,,491,,v10.20
Shandon,Baptiste,Grenada,CM,R,66,175,67,71,62,66,59,48,65,54,,,492,,
Andrey,Santos,Brazil,CM,R,66,180,67,67,66,61,62,62,61,56,,,502,,
Jackson,Irvine,Australia,CM,R,66,189,71,65,64,62,64,52,58,54,,,490,,v10.20
Fabio,Miretti,Italy,CM,R,66,180,67,66,67,69,63,50,70,59,,,511,,v10.20
,Alexsandro,Brazil,CB,R,66,192,66,63,62,61,71,68,64,40,,,495,,
Jarrad,Branthwaite,England,CB,L,66,195,64,62,68,58,72,70,58,43,,,495,,
Andreaw,Gravillon,Guadeloupe,CB,R,66,188,65,65,67,63,65,64,62,39,,,490,,
Zeno,Debast,Belgium,CB,R,66,189,73,67,66,49,68,66,61,46,,,496,,v10.20
Aaron,Hickey,Scotland,LB,L,66,185,69,69,67,60,63,67,60,42,,,497,,
Gabriel,Gudmundsson,Sweden,LB,L,66,179,78,78,64,54,60,54,55,51,,,494,,
Victor,Kristiansen,Denmark,LB,L,66,181,70,70,72,61,65,64,61,38,,,501,,
Ryoya,Ogawa,Japan,LB,L,66,183,68,70,67,62,61,66,60,41,,,495,,v10.20
Inaki,Pena,Spain,GK,R,66,184,59,60,,56,51,41,59,,60,65,451,,v10.20
Keane,Lewis-Potter,England,LW,R,66,170,77,78,62,68,48,22,64,68,,,487,,
Alessio,Zerbin,Italy,LW,R,66,182,69,69,68,68,62,31,63,62,,,492,,
Yuki,Soma,Japan,LW,R,66,166,80,82,68,63,50,40,58,54,,,495,,v10.20
Edon,Zhegrova,Kosovo,RM,L,68,181,74,77,63,72,53,40,68,60,,,507,,v10.20
Kevin,Schade,Germany,RW,R,66,183,81,81,52,64,61,23,55,61,,,478,,
Osman,Bukari,Ghana,RW,B,66,170,85,87,60,67,46,24,56,58,,,483,,
Amad,Diallo,Ivory Coast,RW,L,66,173,80,81,53,70,50,30,59,58,,,481,,
,Chiquinho,Portugal,RW,R,66,179,76,75,61,63,52,49,61,55,,,492,,v10.20
Cameron,Archer,England,CF,R,65,175,69,70,61,64,58,32,59,68,,,481,,
Ellis,Simms,England,CF,R,65,191,69,71,60,57,71,31,54,65,,,478,,v10.20
Saman,Ghoddos,Iran,AM,R,65,177,65,67,61,63,60,46,64,64,,,490,,
Facundo,Buonanotte,Argentina,AM,R,65,174,67,71,67,70,51,38,66,56,,,486,,
Tyler,Morton,England,CM,R,65,178,65,67,62,62,60,50,62,61,,,489,,
Carney,Chukwuemeka,England,CM,R,65,187,65,63,60,61,63,60,61,49,,,482,,v10.20
Tomoki,Iwata,Japan,DM,R,65,176,65,67,69,58,63,63,62,50,,,497,,
Stefan,Bajcetic,Spain,DM,R,65,185,62,61,61,62,64,66,64,48,,,488,,v10.20
Ez,Abde,Morocco,LM,R,65,177,73,74,61,68,51,50,52,52,,,481,,
Nathaniel,Phillips,England,CB,R,65,191,56,58,71,59,74,72,61,36,,,487,,v10.20
Daniel,Bachmann,Austria,GK,R,65,191,50,47,,46,49,34,49,,62,61,398,,
Daniel,Iversen,Denmark,GK,R,65,191,38,45,,43,49,41,40,,61,62,379,,
,Munir,Morocco,GK,R,65,188,54,54,,43,56,43,47,,63,62,422,,v10.20
Ethan,Horvath,USA,GK,R,65,195,51,40,,50,52,35,53,,60,65,406,,v10.20
Alan,Virginius,France,LW,R,65,175,80,81,56,67,50,26,60,53,,,473,,
Benji,Michel,USA,LW,R,65,178,80,82,58,60,60,27,54,58,,,479,,v10.20
Maghnes,Akliouche,France,AM,L,64,166,70,69,65,60,59,31,61,61,,,476,,
Gianluca,Gaetano,Italy,AM,R,64,183,67,67,65,62,52,44,65,57,,,479,,
Lewis,Hall,England,CM,L,64,179,65,65,61,55,61,58,63,51,,,479,,v10.20
Cyril,Ngonge,Belgium,RM,L,64,179,82,80,59,55,51,40,53,53,,,473,,v10.20
Rhys,Williams,England,CB,R,64,195,62,61,64,54,69,67,55,46,,,478,,v10.20
Ki-Jana,Hoever,Netherlands,CB,R,64,180,64,66,64,53,65,63,64,40,,,479,,
Mert,Muldur,Turkey,RB,B,64,188,68,71,69,53,62,50,61,51,,,485,,
Evan,Ferguson,Ireland,CF,R,63,183,69,69,61,61,62,20,61,63,,,466,,
,Duk,Cape Verde,CF,R,63,182,75,75,60,58,61,20,53,65,,,467,,v10.20
,Cafu,Portugal,CM,R,63,185,64,64,59,58,61,57,61,51,,,475,,v10.20
Boubacar,Traore,Mali,DM,R,63,183,65,65,64,60,60,56,58,42,,,470,,v10.20
Toti,Gomes,Portugal,CB,L,63,187,66,67,65,55,73,66,53,27,,,472,,v10.20
Hugo,Bueno,Spain,LB,L,63,180,68,70,60,60,53,63,62,37,,,473,,v10.20
Alex,Smithies,England,GK,R,63,185,45,51,,41,48,31,45,,62,57,380,,
Jason,Steele,England,GK,R,63,188,59,57,,41,51,42,38,,60,60,408,,
Willem,Geubbels,France,LW,R,63,185,75,73,58,63,55,21,56,57,,,458,,
Jeremy,Sarmiento,Ecuador,AM,R,62,183,69,69,52,61,54,45,55,53,,,458,,
Ismael,Gharbi,France,AM,R,62,173,67,65,61,59,62,36,51,58,,,459,,v10.20
Pablo,Torre,Spain,AM,R,62,173,65,68,52,64,48,49,62,53,,,461,,v10.20
Andy,Rinomhota,England,CM,R,62,175,61,61,62,57,59,61,60,46,,,467,,
Yasin,Ayari,Sweden,CM,R,62,172,66,68,55,60,51,55,60,48,,,463,,
Romeo,Lavia,Belgium,DM,R,62,181,61,62,58,57,58,59,60,48,,,463,,v10.20
El Chadaille,Bitshiabu,France,CB,L,62,196,63,62,65,54,62,59,53,48,,,466,,v10.20
Teden,Mengi,England,CB,R,62,186,71,69,60,55,63,59,57,24,,,458,,v10.20
Juan,Familia-Castillo,Netherlands,LB,L,62,175,67,66,59,53,63,62,63,31,,,464,,v10.20
Calvin,Ramsay,Scotland,RB,R,62,177,68,69,62,56,47,59,63,42,,,466,,v10.20
Ilias,Akhomach,Spain,RW,R,62,175,70,75,53,65,55,22,54,53,,,447,,
Kaide,Gordon,England,RW,L,62,173,66,69,63,59,53,40,56,57,,,463,,v10.20
Danny,Namaso,Cameroon,CF,R,61,182,70,71,67,58,51,20,54,60,,,451,,
Jan Paul,Van Hecke,Netherlands,CB,R,61,189,63,60,61,50,64,62,58,42,,,460,,
Adam,Jakubech,Slovenia,GK,R,61,188,53,55,,42,46,33,42,,58,57,386,,
Alexandre,Letellier,France,GK,R,61,193,52,52,,50,53,35,51,,59,56,408,,v10.20
Arnau,Tenas,Spain,GK,R,61,185,40,43,,47,37,32,45,,57,59,360,,
Fin,Stevens,Wales,RB,R,61,179,64,63,63,56,59,58,60,28,,,451,,
Harvey,Vale,England,AM,L,60,181,67,67,53,55,53,46,55,52,,,448,,v10.20
Carlos,Baleba,Cameroon,CM,L,60,179,61,62,60,53,62,59,57,39,,,453,,
Salah-Eddine,Oulad M'Hand,Netherlands,CM,R,60,177,62,63,56,57,51,50,61,52,,,452,,
Warren,Zaire-Emery,France,CM,R,60,178,60,61,58,57,55,56,58,42,,,447,,v10.20
Pablo,Barrios,Spain,CM,R,60,181,70,71,58,55,55,18,55,58,,,440,,v10.20
Gabriel,Slonina,USA,GK,R,60,193,50,48,,47,61,41,48,,58,56,409,,v10.20
Davide,Marfella,Italy,GK,R,60,182,59,59,,44,46,35,42,,56,56,397,,
CJ,Hamilton,Ireland,LW,L,60,185,78,79,60,52,52,25,49,46,,,441,,v10.20
Karl,Hein,Estonia,GK,R,59,193,38,37,,41,55,35,38,,57,55,356,,
Fabio,Ronaldo,Portugal,LW,R,59,178,69,73,58,56,43,29,54,52,,,434,,v10.20
Kieran,Freeman,England,RB,R,59,172,61,61,69,50,56,59,52,32,,,440,,
Ben,Doak,Scotland,RW,R,59,170,70,72,48,61,47,25,52,53,,,428,,v10.20
Karim,Zedadka,Algeria,LM,R,58,184,63,65,56,52,56,46,50,43,,,431,,
Leny,Yoro,France,CB,R,58,190,58,56,58,48,67,60,55,32,,,434,,
Ilyes,Housni,France,CF,R,57,172,68,70,52,55,43,20,55,56,,,419,,v10.20
Wouter,Goes,Netherlands,CB,R,57,187,56,58,57,49,59,55,48,41,,,423,,v10.20
Joe,Hodge,Ireland,DM,R,56,172,61,63,55,52,46,50,54,39,,,420,,v10.20
Lucas,Lavallee,France,GK,R,56,195,45,41,,43,52,37,44,,54,52,368,,v10.20
Kian,Slor,Netherlands,LW,L,55,181,66,66,48,53,46,25,49,48,,,401,,
Kento,Misao,Japan,DM,R,66,181,69,69,67,60,66,65,63,40,,,499,,v10.20
Amin,Sarr,Sweden,CF,R,67,188,88,83,63,58,64,25,55,61,,,497,,v10.20
Eiji,Kawashima,Japan,GK,R,66,185,52,50,,52,45,42,48,,60,66,415,,v10.20
Amath,Ndiaye,Senegal,LM,R,69,173,89,88,53,65,54,41,51,51,,,492,,
Freddie,Woodman,England,GK,R,65,188,64,62,,53,49,40,44,,63,62,437,,v10.20
Baba,Rahman,Ghana,LB,L,65,179,70,70,63,60,63,64,61,35,,,486,,v10.20
Pape,Sarr,Senegal,CM,R,67,185,72,70,61,58,63,62,61,58,,,505,,v10.20
Brandon,Austin,England,GK,R,60,188,39,37,,41,43,32,42,,61,53,348,,v10.20
Alfie,Whiteman,England,GK,R,61,189,48,45,,40,52,39,38,,55,61,378,,v10.20
Simon,Adingra,Ivory Coast,LW,R,65,172,81,85,59,62,49,30,54,56,,,476,,v10.20
Andre,Andre,Portugal,CM,R,68,174,68,71,67,64,65,57,63,56,,,511,,v10.20
Lawrence Ati,Zigi,Ghana,GK,R,67,188,61,61,,47,52,41,43,,65,63,433,,v10.20
Dael,Fry,England,CB,R,67,190,66,65,68,56,73,69,60,41,,,498,,v10.20
,Samuel,Brazil,GK,R,66,188,47,48,,54,51,35,56,,62,65,418,,v10.20
Jackson,Porozo,Ecuador,CB,R,65,192,58,58,68,59,72,67,62,42,,,486,,v10.20
Patrick,Pentz,Austria,GK,L,66,182,49,48,,48,43,39,51,,62,63,403,,v10.20
Ricardo,Esgaio,Portugal,RM,R,68,172,75,75,60,63,62,59,59,46,,,499,,v10.20
Andrei,Cordea,Romania,RW,L,66,180,75,79,60,61,59,39,61,59,,,493,,v10.20
James,Tomkins,England,CB,R,68,192,57,57,70,66,75,75,64,46,,,510,,v10.20
Alexis,Beka Beka,France,DM,R,68,178,71,73,68,66,61,68,62,46,,,515,,v10.20
Chris,Willock,England,LW,R,66,178,69,69,64,63,58,54,62,59,,,498,,v10.20
Mergim,Vojvoda,Kosovo,RB,R,67,187,71,71,67,63,66,67,62,36,,,503,,v10.20
Fashion,Sakala,Zambia,CF,R,68,178,81,83,69,61,63,17,60,73,,,507,,v10.20
Jens,Stryger Larsen,Denmark,RB,B,69,180,70,70,68,69,65,63,67,47,,,519,,v10.20
Robbie,Brady,Ireland,LM,L,67,176,70,70,61,65,60,52,63,60,,,501,,v10.20
Hassane,Kamara,Ivory Coast,LB,L,66,170,64,64,64,60,67,69,60,49,,,497,,v10.20
Ian,Poveda,England,RW,L,63,167,73,70,60,58,49,51,64,48,,,473,,v10.20
Bersant,Celina,Kosovo,AM,R,66,181,71,71,62,69,52,32,68,62,,,487,,v10.20
Pablo,Galdames,Chile,DM,R,66,176,60,60,69,58,68,68,63,51,,,497,,v10.20
Uri,Busquets,Spain,DM,R,64,185,58,60,60,66,62,58,60,50,,,474,,v10.20
Georges-Kevin,N'Koudou,Cameroon,LW,R,68,172,85,89,53,67,49,31,58,61,,,493,,v10.20
Allan,McGregor,Scotland,GK,R,66,183,53,54,,49,53,41,50,,64,61,425,,v10.20
Grady,Diangana,England,LW,L,66,180,74,76,64,68,54,34,63,58,,,491,,v10.20
Greg,Taylor,Scotland,LB,L,67,173,67,67,78,62,63,71,64,42,,,514,,v10.20
Enda,Stevens,Ireland,LB,L,66,183,64,66,61,66,66,60,64,41,,,488,,v10.20
Ji-su,Park,South Korea,CB,R,63,188,62,61,56,56,73,67,60,37,,,472,,v10.20
John,Egan,Ireland,CB,R,68,185,66,63,71,63,69,69,62,51,,,514,,v10.20
Andrea,Cambiaso,Italy,LB,B,67,182,71,69,67,65,65,66,60,30,,,493,,v10.20
Ilija,Nestorovski,North Macedonia,CF,L,68,182,72,73,68,67,66,27,67,67,,,507,,v10.20
Ismael,Diallo,Ivory Coast,LB,L,65,178,65,68,74,60,64,65,59,36,,,491,,v10.20
Eliot,Matazo,Belgium,CM,R,67,170,69,66,66,67,66,44,63,56,,,497,,v10.20
Kristjan,Asllani,Albania,DM,R,67,179,66,67,61,63,68,62,62,51,,,500,,v10.20
Eduard,Sobol,Ukraine,LB,L,66,186,78,70,58,57,58,69,61,38,,,489,,v10.20
Ante,Coric,Croatia,AM,B,62,176,67,70,53,66,51,38,62,49,,,456,,v10.20
Viktor,Kovalenko,Ukraine,CM,R,67,182,65,66,70,63,63,67,68,47,,,509,,v10.20
Stijn,Spierings,Netherlands,DM,R,68,188,62,60,74,65,67,68,70,57,,,523,,v10.20
Giorgi,Makaridze,Georgia,GK,R,65,194,53,51,,49,52,36,52,,64,60,417,,v10.20
Asmir,Begovic,Bosnia & Herzegovina,GK,R,68,199,59,57,,47,58,50,44,,64,65,444,,v10.20
Jon,Gorenc-Stankovic,Slovenia,DM,R,67,190,64,64,69,58,74,68,62,42,,,501,,v10.20
Simon,Ngapandouetnbu,Cameroon,GK,R,61,186,47,48,,40,59,41,49,,56,59,399,,v10.20
Ronaldo,Vieira,England,CM,R,67,178,72,72,63,69,55,50,61,48,,,490,,v10.20
George,Puscas,Romania,CF,R,64,181,75,74,51,68,51,26,47,63,,,455,,v10.20
,Juninho,Brazil,RW,R,60,179,65,66,63,55,52,32,55,56,,,444,,v10.20
Bonke,Innocent,Nigeria,DM,R,64,178,60,59,66,58,63,62,60,59,,,487,,v10.20
Cameron,Carter-Vickers,USA,CB,R,66,183,64,64,69,61,79,71,64,47,,,519,,v10.20
Darren,Randolph,Ireland,GK,R,66,188,51,51,,45,48,41,43,,63,64,406,,v10.20